case_id	demographic.days_to_birth	demographic.days_to_death	demographic.ethnicity	demographic.gender	demographic.race	demographic.vital_status	diagnoses.0.age_at_diagnosis	diagnoses.0.days_to_diagnosis	diagnoses.0.days_to_last_follow_up	diagnoses.0.days_to_last_known_disease_status	diagnoses.0.days_to_recurrence	diagnoses.0.primary_diagnosis	diagnoses.0.progression_or_recurrence	diagnoses.0.treatments.0.treatment_or_therapy	diagnoses.0.treatments.0.treatment_type	diagnoses.0.treatments.1.treatment_or_therapy	diagnoses.0.treatments.1.treatment_type	diagnoses.0.treatments.2.treatment_or_therapy	diagnoses.0.treatments.2.treatment_type	diagnoses.0.treatments.3.treatment_or_therapy	diagnoses.0.treatments.3.treatment_type	diagnoses.0.treatments.4.treatment_or_therapy	diagnoses.0.treatments.4.treatment_type	diagnoses.0.treatments.5.treatment_or_therapy	diagnoses.0.treatments.5.treatment_type	diagnoses.0.treatments.6.treatment_or_therapy	diagnoses.0.treatments.6.treatment_type	diagnoses.0.treatments.7.treatment_or_therapy	diagnoses.0.treatments.7.treatment_type	diagnoses.0.treatments.8.treatment_or_therapy	diagnoses.0.treatments.8.treatment_type	diagnoses.0.treatments.9.treatment_or_therapy	diagnoses.0.treatments.9.treatment_type	diagnoses.0.tumor_grade	diagnoses.1.age_at_diagnosis	diagnoses.1.days_to_diagnosis	diagnoses.1.days_to_last_follow_up	diagnoses.1.days_to_last_known_disease_status	diagnoses.1.days_to_recurrence	diagnoses.1.primary_diagnosis	diagnoses.1.progression_or_recurrence	diagnoses.1.treatments.0.treatment_or_therapy	diagnoses.1.treatments.0.treatment_type	diagnoses.1.treatments.1.treatment_or_therapy	diagnoses.1.treatments.1.treatment_type	diagnoses.1.treatments.10.treatment_or_therapy	diagnoses.1.treatments.10.treatment_type	diagnoses.1.treatments.11.treatment_or_therapy	diagnoses.1.treatments.11.treatment_type	diagnoses.1.treatments.12.treatment_or_therapy	diagnoses.1.treatments.12.treatment_type	diagnoses.1.treatments.13.treatment_or_therapy	diagnoses.1.treatments.13.treatment_type	diagnoses.1.treatments.14.treatment_or_therapy	diagnoses.1.treatments.14.treatment_type	diagnoses.1.treatments.2.treatment_or_therapy	diagnoses.1.treatments.2.treatment_type	diagnoses.1.treatments.3.treatment_or_therapy	diagnoses.1.treatments.3.treatment_type	diagnoses.1.treatments.4.treatment_or_therapy	diagnoses.1.treatments.4.treatment_type	diagnoses.1.treatments.5.treatment_or_therapy	diagnoses.1.treatments.5.treatment_type	diagnoses.1.treatments.6.treatment_or_therapy	diagnoses.1.treatments.6.treatment_type	diagnoses.1.treatments.7.treatment_or_therapy	diagnoses.1.treatments.7.treatment_type	diagnoses.1.treatments.8.treatment_or_therapy	diagnoses.1.treatments.8.treatment_type	diagnoses.1.treatments.9.treatment_or_therapy	diagnoses.1.treatments.9.treatment_type	diagnoses.1.tumor_grade	diagnoses.2.age_at_diagnosis	diagnoses.2.days_to_diagnosis	diagnoses.2.days_to_last_follow_up	diagnoses.2.days_to_last_known_disease_status	diagnoses.2.days_to_recurrence	diagnoses.2.primary_diagnosis	diagnoses.2.progression_or_recurrence	diagnoses.2.treatments.0.treatment_or_therapy	diagnoses.2.treatments.0.treatment_type	diagnoses.2.treatments.1.treatment_or_therapy	diagnoses.2.treatments.1.treatment_type	diagnoses.2.treatments.2.treatment_or_therapy	diagnoses.2.treatments.2.treatment_type	diagnoses.2.treatments.3.treatment_or_therapy	diagnoses.2.treatments.3.treatment_type	diagnoses.2.treatments.4.treatment_or_therapy	diagnoses.2.treatments.4.treatment_type	diagnoses.2.treatments.5.treatment_or_therapy	diagnoses.2.treatments.5.treatment_type	diagnoses.2.treatments.6.treatment_or_therapy	diagnoses.2.treatments.6.treatment_type	diagnoses.2.tumor_grade	diagnoses.3.age_at_diagnosis	diagnoses.3.days_to_diagnosis	diagnoses.3.days_to_last_follow_up	diagnoses.3.days_to_last_known_disease_status	diagnoses.3.days_to_recurrence	diagnoses.3.primary_diagnosis	diagnoses.3.progression_or_recurrence	diagnoses.3.treatments.0.treatment_or_therapy	diagnoses.3.treatments.0.treatment_type	diagnoses.3.treatments.1.treatment_or_therapy	diagnoses.3.treatments.1.treatment_type	diagnoses.3.treatments.2.treatment_or_therapy	diagnoses.3.treatments.2.treatment_type	diagnoses.3.treatments.3.treatment_or_therapy	diagnoses.3.treatments.3.treatment_type	diagnoses.3.treatments.4.treatment_or_therapy	diagnoses.3.treatments.4.treatment_type	diagnoses.3.treatments.5.treatment_or_therapy	diagnoses.3.treatments.5.treatment_type	diagnoses.3.treatments.6.treatment_or_therapy	diagnoses.3.treatments.6.treatment_type	diagnoses.3.treatments.7.treatment_or_therapy	diagnoses.3.treatments.7.treatment_type	diagnoses.3.tumor_grade	diagnoses.4.age_at_diagnosis	diagnoses.4.days_to_diagnosis	diagnoses.4.primary_diagnosis	diagnoses.4.treatments.0.treatment_or_therapy	diagnoses.4.treatments.0.treatment_type	diagnoses.4.treatments.1.treatment_or_therapy	diagnoses.4.treatments.1.treatment_type	diagnoses.4.treatments.2.treatment_or_therapy	diagnoses.4.treatments.2.treatment_type	diagnoses.4.treatments.3.treatment_or_therapy	diagnoses.4.treatments.3.treatment_type	diagnoses.4.treatments.4.treatment_or_therapy	diagnoses.4.treatments.4.treatment_type	disease_type	id	primary_site	project.project_id	submitter_id
4db9de75-9297-46e5-acc5-9275f52a642a	-15817		hispanic or latino	female	white	Alive	15817	0	1339.0			Hepatocellular carcinoma, NOS		no	Radiation Therapy, NOS	yes	Ablation or Embolization, NOS	no	Pharmaceutical Therapy, NOS	yes	Surgery, NOS													G2	15462	-355				Hepatocellular carcinoma, NOS		no	Radiation Therapy, NOS	no	Surgery, NOS											yes	Pharmaceutical Therapy, NOS																																																																											Adenomas and Adenocarcinomas	4db9de75-9297-46e5-acc5-9275f52a642a	Liver and intrahepatic bile ducts	TCGA-LIHC	TCGA-XR-A8TC
dfa15fbe-bb14-40ce-afc6-70694112e3e2	-26400	1135	not hispanic or latino	female	white	Dead	26740	340				Hepatocellular carcinoma, NOS		no	Surgery, NOS	yes	Pharmaceutical Therapy, NOS	no	Ablation or Embolization, NOS	no	Radiation Therapy, NOS														26400	0	1135.0			Hepatocellular carcinoma, NOS		yes	Chemoembolization	yes	Chemotherapy											yes	Ablation or Embolization, NOS	yes	Hormone Therapy	no	Radiation Therapy, NOS	yes	Chemoembolization	yes	Chemoembolization	yes	Surgery, NOS																																																																	Adenomas and Adenocarcinomas	dfa15fbe-bb14-40ce-afc6-70694112e3e2	Liver and intrahepatic bile ducts	TCGA-LIHC	TCGA-BC-A10Q
17833039-0d7e-47f0-90e6-8cabae94c124	-27530	194	not hispanic or latino	male	white	Dead	27530	0	194.0			Hepatocellular carcinoma, NOS		no	Ablation or Embolization, NOS	yes	Chemotherapy	yes	Chemotherapy	no	Radiation Therapy, NOS	yes	Surgery, NOS																	Papillary transitional cell carcinoma		no	Pharmaceutical Therapy, NOS	no	Radiation Therapy, NOS																																																																																							Adenomas and Adenocarcinomas	17833039-0d7e-47f0-90e6-8cabae94c124	Liver and intrahepatic bile ducts	TCGA-LIHC	TCGA-FV-A3R2
8a14d153-bbf7-4512-a067-976edfb65f91	-29432		not hispanic or latino	male	white	Alive	28362	-1070				Adenocarcinoma, NOS		no	Surgery, NOS	yes	Radiation Therapy, NOS	yes	Pharmaceutical Therapy, NOS																29432	0	673.0			Hepatocellular carcinoma, NOS		no	Radiation Therapy, NOS	yes	Surgery, NOS											no	Ablation or Embolization, NOS	yes	Targeted Molecular Therapy													G2	28124	-1308				Adenocarcinoma, NOS		no	Pharmaceutical Therapy, NOS	no	Radiation Therapy, NOS	yes	Surgery, NOS										29761	329				Hepatocellular carcinoma, NOS		yes	Pharmaceutical Therapy, NOS	no	Organ Transplantation	no	Surgery, NOS	no	Ablation or Embolization, NOS	no	Radiation Therapy, NOS																					Adenomas and Adenocarcinomas	8a14d153-bbf7-4512-a067-976edfb65f91	Liver and intrahepatic bile ducts	TCGA-LIHC	TCGA-G3-A3CG
a8c2aa08-9156-4845-ad77-5e060858c757	-28101		not hispanic or latino	female	white	Alive	28101	0	848.0			Hepatocellular carcinoma, fibrolamellar		no	Ablation or Embolization, NOS	no	Radiation Therapy, NOS	yes	Surgery, NOS	yes	Chemotherapy													G2	28260	159				Hepatocellular carcinoma, fibrolamellar		no	Surgery, NOS	yes	Pharmaceutical Therapy, NOS											yes	Ablation or Embolization, NOS	no	Organ Transplantation	no	Radiation Therapy, NOS																																																																							Adenomas and Adenocarcinomas	a8c2aa08-9156-4845-ad77-5e060858c757	Liver and intrahepatic bile ducts	TCGA-LIHC	TCGA-FV-A3I0
4dff4242-4a53-4f46-b200-7ed83f6b7808	-24655		not hispanic or latino	male	white	Alive	24921	266				Hepatocellular carcinoma, NOS		no	Surgery, NOS	no	Organ Transplantation	no	Radiation Therapy, NOS	yes	Pharmaceutical Therapy, NOS	no	Ablation or Embolization, NOS												24772	117				Hepatocellular carcinoma, NOS		no	Organ Transplantation	no	Surgery, NOS											yes	Pharmaceutical Therapy, NOS	yes	Ablation or Embolization, NOS	no	Radiation Therapy, NOS												24655	0	354.0			Hepatocellular carcinoma, NOS		yes	Chemoembolization	yes	Chemotherapy	yes	Ablation or Embolization, NOS	yes	Surgery, NOS	yes	Radiation Therapy, NOS	yes	Chemoembolization			G2																																						Adenomas and Adenocarcinomas	4dff4242-4a53-4f46-b200-7ed83f6b7808	Liver and intrahepatic bile ducts	TCGA-LIHC	TCGA-G3-AAV5
a2c17e87-d8bc-4160-88ae-e3e894d013e4	-29511	153	not hispanic or latino	male	white	Dead	29511	0	153.0			Hepatocellular carcinoma, NOS		no	Pharmaceutical Therapy, NOS	no	Radiation Therapy, NOS	yes	Surgery, NOS	no	Ablation or Embolization, NOS													G2						Adenocarcinoma, NOS		no	Pharmaceutical Therapy, NOS	yes	Radiation Therapy, NOS																																																																																							Adenomas and Adenocarcinomas	a2c17e87-d8bc-4160-88ae-e3e894d013e4	Liver and intrahepatic bile ducts	TCGA-LIHC	TCGA-BC-A112
a196a937-b17d-4d4a-965b-8af0f4f41367	-27886		not hispanic or latino	male	white	Alive	27886	0	303.0			Hepatocellular carcinoma, NOS		no	Pharmaceutical Therapy, NOS	no	Ablation or Embolization, NOS	no	Radiation Therapy, NOS	yes	Surgery, NOS													G2						Not Reported		no	Radiation Therapy, NOS	no	Pharmaceutical Therapy, NOS																																																																																							Adenomas and Adenocarcinomas	a196a937-b17d-4d4a-965b-8af0f4f41367	Liver and intrahepatic bile ducts	TCGA-LIHC	TCGA-EP-A3JL
728aedb3-551a-4c16-9be3-7733a9539e9e	-29268	688	not hispanic or latino	male	white	Dead	29268	0	688.0			Hepatocellular carcinoma, NOS		yes	Surgery, NOS																			G2						Adenocarcinoma, NOS		yes	Radiation Therapy, NOS	no	Pharmaceutical Therapy, NOS																																																																																							Adenomas and Adenocarcinomas	728aedb3-551a-4c16-9be3-7733a9539e9e	Liver and intrahepatic bile ducts	TCGA-LIHC	TCGA-ES-A2HS
cf028bce-d20d-42b8-8507-1ec94a391e85	-18951	2116	not hispanic or latino	female	black or african american	Dead						Nephroblastoma, NOS		no	Pharmaceutical Therapy, NOS	no	Radiation Therapy, NOS																		18951	0	2116.0			Hepatocellular carcinoma, NOS		no	Radiation Therapy, NOS	yes	Pharmaceutical Therapy, NOS											no	Ablation or Embolization, NOS	yes	Surgery, NOS													G1	21008	2057				Hepatocellular carcinoma, NOS		no	Organ Transplantation	no	Radiation Therapy, NOS	no	Surgery, NOS	no	Pharmaceutical Therapy, NOS	no	Ablation or Embolization, NOS																																											Adenomas and Adenocarcinomas	cf028bce-d20d-42b8-8507-1ec94a391e85	Liver and intrahepatic bile ducts	TCGA-LIHC	TCGA-BC-A110
c4c4820b-6f4c-4cdd-b233-4d22f5933fd9	-26319	3258	not hispanic or latino	female	white	Dead	26319	0	3258.0			Hepatocellular carcinoma, NOS		no	Radiation Therapy, NOS	no	Ablation or Embolization, NOS	yes	Surgery, NOS	no	Pharmaceutical Therapy, NOS													G2																																																																																																		Adenomas and Adenocarcinomas	c4c4820b-6f4c-4cdd-b233-4d22f5933fd9	Liver and intrahepatic bile ducts	TCGA-LIHC	TCGA-DD-A3A6
bfd20d71-18a5-4f01-8d56-84378ad92359		247	not hispanic or latino	female	white	Dead		0	247.0			Hepatocellular carcinoma, NOS		no	Pharmaceutical Therapy, NOS	yes	Surgery, NOS	no	Ablation or Embolization, NOS	no	Radiation Therapy, NOS													G2						Adenocarcinoma, NOS		no	Radiation Therapy, NOS	no	Pharmaceutical Therapy, NOS																																																																																							Adenomas and Adenocarcinomas	bfd20d71-18a5-4f01-8d56-84378ad92359	Liver and intrahepatic bile ducts	TCGA-LIHC	TCGA-FV-A3I1
10179efc-a091-4119-8ec2-30db6269d674	-22843		not hispanic or latino	female	white	Alive	22843	0	848.0			Combined hepatocellular carcinoma and cholangiocarcinoma		yes	Ablation, Radiofrequency	yes	Targeted Molecular Therapy	yes	Chemotherapy	yes	Chemotherapy	yes	Surgery, NOS	no	Radiation Therapy, NOS	yes	Chemoembolization	no	Ablation or Embolization, NOS	yes	Targeted Molecular Therapy			G2	23321	478				Combined hepatocellular carcinoma and cholangiocarcinoma		no	Ablation or Embolization, NOS	no	Organ Transplantation											no	Surgery, NOS	yes	Pharmaceutical Therapy, NOS	no	Radiation Therapy, NOS												23292	449				Combined hepatocellular carcinoma and cholangiocarcinoma		no	Radiation Therapy, NOS	no	Organ Transplantation	no	Surgery, NOS	yes	Pharmaceutical Therapy, NOS	no	Ablation or Embolization, NOS						23238	395				Combined hepatocellular carcinoma and cholangiocarcinoma		no	Organ Transplantation	yes	Pharmaceutical Therapy, NOS	no	Ablation or Embolization, NOS	no	Surgery, NOS	no	Radiation Therapy, NOS								23064	221	Combined hepatocellular carcinoma and cholangiocarcinoma	no	Pharmaceutical Therapy, NOS	no	Surgery, NOS	no	Radiation Therapy, NOS	yes	Ablation or Embolization, NOS	no	Organ Transplantation	Adenomas and Adenocarcinomas	10179efc-a091-4119-8ec2-30db6269d674	Liver and intrahepatic bile ducts	TCGA-LIHC	TCGA-UB-A7MA
9457a9a1-3dd1-4d88-b1e1-d20aae4491dd	-22657		not hispanic or latino	male	white	Alive						Not Reported		no	Radiation Therapy, NOS	yes	Pharmaceutical Therapy, NOS																		22883	226				Hepatocellular carcinoma, NOS		no	Pharmaceutical Therapy, NOS	yes	Ablation or Embolization, NOS											no	Organ Transplantation	no	Surgery, NOS	no	Radiation Therapy, NOS												22657	0	1115.0			Hepatocellular carcinoma, NOS		yes	Surgery, NOS	no	Ablation or Embolization, NOS	no	Radiation Therapy, NOS	no	Pharmaceutical Therapy, NOS							G2																																						Adenomas and Adenocarcinomas	9457a9a1-3dd1-4d88-b1e1-d20aae4491dd	Liver and intrahepatic bile ducts	TCGA-LIHC	TCGA-BD-A3ER
fbb398fe-2ba8-4845-8083-6533ecb4a52e	-23699		not reported	male	white	Alive	23699	0	829.0			Combined hepatocellular carcinoma and cholangiocarcinoma		yes	Surgery, Open	no	Ablation or Embolization, NOS	no	Pharmaceutical Therapy, NOS	no	Radiation Therapy, NOS													G1																																																																																																		Adenomas and Adenocarcinomas	fbb398fe-2ba8-4845-8083-6533ecb4a52e	Liver and intrahepatic bile ducts	TCGA-LIHC	TCGA-KR-A7K2
06ac44e9-1226-4202-828b-6f224766d7ac	-29018		not hispanic or latino	female	white	Alive	29018	0	935.0			Hepatocellular carcinoma, NOS		yes	Surgery, NOS	no	Pharmaceutical Therapy, NOS	no	Ablation or Embolization, NOS	no	Radiation Therapy, NOS													G2						Papillary renal cell carcinoma		no	Radiation Therapy, NOS	no	Pharmaceutical Therapy, NOS																																																																																							Adenomas and Adenocarcinomas	06ac44e9-1226-4202-828b-6f224766d7ac	Liver and intrahepatic bile ducts	TCGA-LIHC	TCGA-G3-A25W
59f163d2-6a7c-41b8-b4d6-f07174dafc6e	-24853		not hispanic or latino	male	white	Alive						Not Reported		unknown	Radiation Therapy, NOS	unknown	Surgery, NOS	unknown	Pharmaceutical Therapy, NOS																					Not Reported		unknown	Radiation Therapy, NOS	unknown	Pharmaceutical Therapy, NOS																												24853	0	23.0			Hepatocellular carcinoma, NOS		yes	Surgery, NOS	unknown	Ablation or Embolization, NOS	unknown	Radiation Therapy, NOS	unknown	Pharmaceutical Therapy, NOS							G2																																						Adenomas and Adenocarcinomas	59f163d2-6a7c-41b8-b4d6-f07174dafc6e	Liver and intrahepatic bile ducts	TCGA-LIHC	TCGA-T1-A6J8
8e5ce60b-2eda-482d-b109-210df1321aff	-22438		not hispanic or latino	male	white	Alive	22438	0	2398.0			Hepatocellular carcinoma, NOS		no	Pharmaceutical Therapy, NOS	yes	Surgery, NOS	no	Radiation Therapy, NOS	no	Ablation or Embolization, NOS													G1																																																																																																		Adenomas and Adenocarcinomas	8e5ce60b-2eda-482d-b109-210df1321aff	Liver and intrahepatic bile ducts	TCGA-LIHC	TCGA-DD-A4NV
70bb26b8-b38b-4e79-90e7-033a38405b00	-23614	115	not hispanic or latino	female	asian	Dead	23614	0	115.0			Hepatocellular carcinoma, NOS		no	Pharmaceutical Therapy, NOS	yes	Surgery, NOS	no	Radiation Therapy, NOS	no	Ablation or Embolization, NOS													G4																																																																																																		Adenomas and Adenocarcinomas	70bb26b8-b38b-4e79-90e7-033a38405b00	Liver and intrahepatic bile ducts	TCGA-LIHC	TCGA-DD-AADF
cbb89556-d783-4e70-8db4-ef53e9a45922	-18717	765	not hispanic or latino	male	white	Dead	18717	0	765.0			Hepatocellular carcinoma, NOS		no	Radiation Therapy, NOS	yes	Surgery, NOS	no	Pharmaceutical Therapy, NOS	yes	Ablation or Embolization, NOS													G2	19032	315				Hepatocellular carcinoma, NOS		yes	Ablation or Embolization, NOS	no	Pharmaceutical Therapy, NOS											no	Surgery, NOS	no	Organ Transplantation	no	Radiation Therapy, NOS																																																																							Adenomas and Adenocarcinomas	cbb89556-d783-4e70-8db4-ef53e9a45922	Liver and intrahepatic bile ducts	TCGA-LIHC	TCGA-ZP-A9D2
7ad77384-0946-4fb5-9b10-bdc8a5fc8d87	-23728		not hispanic or latino	male	asian	Alive	23728	0	415.0			Hepatocellular carcinoma, NOS		yes	Surgery, NOS	no	Pharmaceutical Therapy, NOS	no	Radiation Therapy, NOS	no	Ablation or Embolization, NOS													G3																																																																																																		Adenomas and Adenocarcinomas	7ad77384-0946-4fb5-9b10-bdc8a5fc8d87	Liver and intrahepatic bile ducts	TCGA-LIHC	TCGA-DD-AACP
1ad7f17e-b3b8-40e9-aab8-5a17e0aec408	-16373	97	not hispanic or latino	male	asian	Dead	16373	0	97.0			Hepatocellular carcinoma, NOS		no	Ablation or Embolization, NOS	no	Radiation Therapy, NOS	yes	Surgery, NOS	no	Pharmaceutical Therapy, NOS													G2																																																																																																		Adenomas and Adenocarcinomas	1ad7f17e-b3b8-40e9-aab8-5a17e0aec408	Liver and intrahepatic bile ducts	TCGA-LIHC	TCGA-CC-5261
9197ca4c-e48c-43af-ba61-d894faf3cc24	-26915	1386	not hispanic or latino	male	white	Dead	26915	0	1386.0			Hepatocellular carcinoma, NOS		no	Pharmaceutical Therapy, NOS	no	Radiation Therapy, NOS	no	Ablation or Embolization, NOS	yes	Surgery, NOS													G2	27286	371				Hepatocellular carcinoma, NOS		no	Ablation or Embolization, NOS	no	Surgery, NOS											no	Radiation Therapy, NOS	no	Organ Transplantation	no	Pharmaceutical Therapy, NOS																																																																							Adenomas and Adenocarcinomas	9197ca4c-e48c-43af-ba61-d894faf3cc24	Liver and intrahepatic bile ducts	TCGA-LIHC	TCGA-ZS-A9CD
c49b41bf-0025-4682-966b-cfe8fb2b2546	-24717	52	not hispanic or latino	male	black or african american	Dead	24717	0	52.0			Hepatocellular carcinoma, NOS		no	Ablation or Embolization, NOS	no	Radiation Therapy, NOS	no	Pharmaceutical Therapy, NOS	yes	Surgery, NOS													G3																																																																																																		Adenomas and Adenocarcinomas	c49b41bf-0025-4682-966b-cfe8fb2b2546	Liver and intrahepatic bile ducts	TCGA-LIHC	TCGA-UB-A7MD
a25a714e-c142-482b-91c8-4fea763e0254	-25892	36	not hispanic or latino	male	white	Dead	25892	0	36.0			Hepatocellular carcinoma, NOS		no	Radiation Therapy, NOS	yes	Radioembolization	yes	Surgery, NOS	no	Pharmaceutical Therapy, NOS	yes	Ablation or Embolization, NOS											G2																																																																																																		Adenomas and Adenocarcinomas	a25a714e-c142-482b-91c8-4fea763e0254	Liver and intrahepatic bile ducts	TCGA-LIHC	TCGA-2Y-A9HA
c6a74db2-cf97-4c7b-be8c-557ee27e1d43	-8899		Unknown	male	american indian or alaska native	Alive	8899	0	0.0			Hepatocellular carcinoma, NOS		unknown	Pharmaceutical Therapy, NOS	no	Ablation or Embolization, NOS	unknown	Radiation Therapy, NOS	yes	Surgery, NOS													G3																																																																																																		Adenomas and Adenocarcinomas	c6a74db2-cf97-4c7b-be8c-557ee27e1d43	Liver and intrahepatic bile ducts	TCGA-LIHC	TCGA-RC-A6M3
34fd27ce-930a-4f29-8a6e-dae4949d92eb	-24223		not hispanic or latino	female	white	Alive	24223	0	782.0			Hepatocellular carcinoma, NOS		yes	Surgery, NOS	no	Ablation or Embolization, NOS	no	Radiation Therapy, NOS	no	Pharmaceutical Therapy, NOS													G1																																																																																																		Adenomas and Adenocarcinomas	34fd27ce-930a-4f29-8a6e-dae4949d92eb	Liver and intrahepatic bile ducts	TCGA-LIHC	TCGA-ZP-A9CY
11f69d9f-a67d-41fa-95a9-baa194b3fcfb	-14005		not hispanic or latino	male	asian	Alive	14005	0	1900.0			Hepatocellular carcinoma, NOS		no	Radiation Therapy, NOS	no	Ablation or Embolization, NOS	no	Pharmaceutical Therapy, NOS	yes	Surgery, NOS													G2																																																																																																		Adenomas and Adenocarcinomas	11f69d9f-a67d-41fa-95a9-baa194b3fcfb	Liver and intrahepatic bile ducts	TCGA-LIHC	TCGA-DD-AAVZ
520a709a-87f6-4f3d-b2a2-9192e3b65c5b	-7363		not hispanic or latino	female	white	Alive	7363	0	602.0			Hepatocellular carcinoma, NOS		yes	Surgery, NOS	yes	Chemotherapy	no	Ablation or Embolization, NOS	no	Radiation Therapy, NOS													G3	7662	299				Hepatocellular carcinoma, NOS		no	Ablation or Embolization, NOS	yes	Pharmaceutical Therapy, NOS											no	Surgery, NOS	no	Radiation Therapy, NOS	no	Organ Transplantation																																																																							Adenomas and Adenocarcinomas	520a709a-87f6-4f3d-b2a2-9192e3b65c5b	Liver and intrahepatic bile ducts	TCGA-LIHC	TCGA-DD-A1EC
32e39c1d-b8e8-4efe-b451-8efb112d3518	-21632		not hispanic or latino	male	asian	Alive	21632	0	898.0			Hepatocellular carcinoma, NOS		no	Pharmaceutical Therapy, NOS	yes	Surgery, NOS	no	Ablation or Embolization, NOS	no	Radiation Therapy, NOS													G4																																																																																																		Adenomas and Adenocarcinomas	32e39c1d-b8e8-4efe-b451-8efb112d3518	Liver and intrahepatic bile ducts	TCGA-LIHC	TCGA-DD-AADN
68015cc7-d3a1-4c90-b8fb-5d14143d9960	-26471		not reported	female	not reported	Alive	27200	729				Hepatocellular carcinoma, NOS		no	Pharmaceutical Therapy, NOS	no	Radiation Therapy, NOS	yes	Ablation or Embolization, NOS	no	Surgery, NOS														26976	505				Hepatocellular carcinoma, NOS		no	Radiation Therapy, NOS	no	Organ Transplantation											yes	Ablation or Embolization, NOS	no	Surgery, NOS	no	Pharmaceutical Therapy, NOS												26471	0	2017.0			Hepatocellular carcinoma, NOS		yes	Ablation, Ethanol Injection	no	Ablation or Embolization, NOS	yes	Ablation, Ethanol Injection	yes	Surgery, NOS	no	Radiation Therapy, NOS	no	Pharmaceutical Therapy, NOS			G2																																						Adenomas and Adenocarcinomas	68015cc7-d3a1-4c90-b8fb-5d14143d9960	Liver and intrahepatic bile ducts	TCGA-LIHC	TCGA-DD-A1EB
f6e5979d-d6a9-4408-bd1b-1b37d1064e83	-16461		not hispanic or latino	female	white	Alive	16461	0	1553.0			Hepatocellular carcinoma, NOS		no	Radiation Therapy, NOS	yes	Surgery, NOS	no	Pharmaceutical Therapy, NOS	no	Ablation or Embolization, NOS													G2	16913	452				Hepatocellular carcinoma, NOS		no	Ablation or Embolization, NOS	no	Radiation Therapy, NOS											yes	Surgery, NOS	no	Pharmaceutical Therapy, NOS	no	Organ Transplantation																																																																							Adenomas and Adenocarcinomas	f6e5979d-d6a9-4408-bd1b-1b37d1064e83	Liver and intrahepatic bile ducts	TCGA-LIHC	TCGA-G3-A25T
d6486001-240a-455a-980c-e06c25c61fa5	-23973		not hispanic or latino	male	asian	Alive	25827	1854				Hepatocellular carcinoma, NOS		yes	Surgery, NOS	no	Ablation or Embolization, NOS	no	Organ Transplantation	no	Radiation Therapy, NOS	no	Pharmaceutical Therapy, NOS												26136	2163				Hepatocellular carcinoma, NOS		yes	Ablation or Embolization, NOS	no	Radiation Therapy, NOS											no	Surgery, NOS	no	Organ Transplantation	no	Pharmaceutical Therapy, NOS												23973	0	2301.0			Hepatocellular carcinoma, NOS		no	Pharmaceutical Therapy, NOS	yes	Surgery, NOS	no	Radiation Therapy, NOS	no	Ablation or Embolization, NOS							G3	24749	776				Hepatocellular carcinoma, NOS		no	Organ Transplantation	no	Ablation or Embolization, NOS	no	Radiation Therapy, NOS	no	Pharmaceutical Therapy, NOS	yes	Surgery, NOS																					Adenomas and Adenocarcinomas	d6486001-240a-455a-980c-e06c25c61fa5	Liver and intrahepatic bile ducts	TCGA-LIHC	TCGA-DD-AACA
95408571-9d4e-412b-8ee8-7992e0270b0f	-27334	140	not hispanic or latino	male	asian	Dead	27417	83				Hepatocellular carcinoma, NOS		no	Ablation or Embolization, NOS	no	Pharmaceutical Therapy, NOS	no	Radiation Therapy, NOS	no	Organ Transplantation	no	Surgery, NOS												27334	0	140.0			Hepatocellular carcinoma, NOS		unknown	Ablation or Embolization, NOS	yes	Surgery, NOS											unknown	Radiation Therapy, NOS	unknown	Pharmaceutical Therapy, NOS													G2																																																												Adenomas and Adenocarcinomas	95408571-9d4e-412b-8ee8-7992e0270b0f	Liver and intrahepatic bile ducts	TCGA-LIHC	TCGA-CC-A8HT
4fd3ed02-7b66-47bf-8b92-31fee1093a87	-24218		not hispanic or latino	male	black or african american	Alive	24218	0	519.0			Hepatocellular carcinoma, NOS		yes	Surgery, NOS	no	Radiation Therapy, NOS	no	Ablation or Embolization, NOS	no	Pharmaceutical Therapy, NOS													G1																																																																																																		Adenomas and Adenocarcinomas	4fd3ed02-7b66-47bf-8b92-31fee1093a87	Liver and intrahepatic bile ducts	TCGA-LIHC	TCGA-K7-A5RG
0277f393-3743-47d6-a96f-155baec9eb49	-20067		not hispanic or latino	male	asian	Alive	20364	297				Hepatocellular carcinoma, NOS		no	Radiation Therapy, NOS	no	Pharmaceutical Therapy, NOS	no	Organ Transplantation	no	Surgery, NOS	no	Ablation or Embolization, NOS												20067	0	363.0			Hepatocellular carcinoma, NOS		no	Ablation or Embolization, NOS	no	Pharmaceutical Therapy, NOS											no	Radiation Therapy, NOS	yes	Surgery, NOS													G2																																																												Adenomas and Adenocarcinomas	0277f393-3743-47d6-a96f-155baec9eb49	Liver and intrahepatic bile ducts	TCGA-LIHC	TCGA-CC-A3MC
63d475ef-8f26-45ed-ae80-cfa87e68b2f5	-25018		not hispanic or latino	female	white	Alive	25018	0	345.0			Clear cell adenocarcinoma, NOS		no	Radiation Therapy, NOS	no	Pharmaceutical Therapy, NOS	no	Ablation or Embolization, NOS	yes	Surgery, NOS													G2																																																																																																		Adenomas and Adenocarcinomas	63d475ef-8f26-45ed-ae80-cfa87e68b2f5	Liver and intrahepatic bile ducts	TCGA-LIHC	TCGA-WJ-A86L
3ea084c5-3783-4fde-b341-5914d2edb977	-25292		not hispanic or latino	female	asian	Alive	25292	0	1562.0			Hepatocellular carcinoma, NOS		no	Ablation or Embolization, NOS	no	Pharmaceutical Therapy, NOS	no	Radiation Therapy, NOS	yes	Surgery, NOS													G2																																																																																																		Adenomas and Adenocarcinomas	3ea084c5-3783-4fde-b341-5914d2edb977	Liver and intrahepatic bile ducts	TCGA-LIHC	TCGA-DD-AACT
ec4b4d34-2576-4412-b036-7460e64f4398	-5862		hispanic or latino	male	white	Alive	6072	210				Hepatocellular carcinoma, NOS		no	Ablation or Embolization, NOS	no	Radiation Therapy, NOS	yes	Surgery, NOS	no	Organ Transplantation	yes	Pharmaceutical Therapy, NOS												5862	0	925.0			Hepatocellular carcinoma, NOS		yes	Surgery, NOS	no	Ablation or Embolization, NOS											no	Radiation Therapy, NOS	yes	Pharmaceutical Therapy, NOS													G1																																																												Adenomas and Adenocarcinomas	ec4b4d34-2576-4412-b036-7460e64f4398	Liver and intrahepatic bile ducts	TCGA-LIHC	TCGA-XR-A8TE
65e430e1-0c9a-4045-83a9-653b7cff811d	-19090		not hispanic or latino	male	white	Alive	19090	0	12.0			Hepatocellular carcinoma, NOS		unknown	Pharmaceutical Therapy, NOS	unknown	Ablation or Embolization, NOS	yes	Surgery, NOS	unknown	Radiation Therapy, NOS													G2																																																																																																		Adenomas and Adenocarcinomas	65e430e1-0c9a-4045-83a9-653b7cff811d	Liver and intrahepatic bile ducts	TCGA-LIHC	TCGA-FV-A4ZQ
0d0a10b4-7b99-4043-a129-89844f258156	-28528	1694	not hispanic or latino	female	white	Dead	29560	1032				Hepatocellular carcinoma, NOS		no	Surgery, NOS	yes	Ablation or Embolization, NOS	no	Radiation Therapy, NOS	no	Organ Transplantation	no	Pharmaceutical Therapy, NOS												28528	0	1694.0			Hepatocellular carcinoma, NOS		no	Radiation Therapy, NOS	yes	Ablation, Radiofrequency											yes	Surgery, NOS	yes	Ablation or Embolization, NOS	no	Pharmaceutical Therapy, NOS											G2																																																												Adenomas and Adenocarcinomas	0d0a10b4-7b99-4043-a129-89844f258156	Liver and intrahepatic bile ducts	TCGA-LIHC	TCGA-DD-A39X
6312d5b5-68ad-4d4f-a0a9-03d895ae30f9	-19748		not hispanic or latino	male	asian	Alive	19878	130				Hepatocellular carcinoma, NOS		no	Pharmaceutical Therapy, NOS	no	Ablation or Embolization, NOS	no	Surgery, NOS	no	Radiation Therapy, NOS	no	Organ Transplantation												19878	130				Hepatocellular carcinoma, NOS		no	Organ Transplantation	no	Radiation Therapy, NOS											no	Ablation or Embolization, NOS	no	Pharmaceutical Therapy, NOS	no	Surgery, NOS												19748	0	1345.0			Hepatocellular carcinoma, NOS		no	Ablation or Embolization, NOS	no	Radiation Therapy, NOS	no	Pharmaceutical Therapy, NOS	yes	Surgery, NOS							G3	19878	130				Hepatocellular carcinoma, NOS		no	Ablation or Embolization, NOS	no	Pharmaceutical Therapy, NOS	no	Organ Transplantation	no	Surgery, NOS	no	Radiation Therapy, NOS																					Adenomas and Adenocarcinomas	6312d5b5-68ad-4d4f-a0a9-03d895ae30f9	Liver and intrahepatic bile ducts	TCGA-LIHC	TCGA-DD-AAD5
d5471a2b-f14c-44de-9142-5a5fb07b6fc2	-22769		not hispanic or latino	male	white	Alive	22769	0	395.0			Hepatocellular carcinoma, NOS		no	Pharmaceutical Therapy, NOS	no	Radiation Therapy, NOS	yes	Surgery, NOS	no	Ablation or Embolization, NOS													G2	23042	273				Hepatocellular carcinoma, NOS		no	Radiation Therapy, NOS	no	Ablation or Embolization, NOS											no	Organ Transplantation	no	Pharmaceutical Therapy, NOS																																																																									Adenomas and Adenocarcinomas	d5471a2b-f14c-44de-9142-5a5fb07b6fc2	Liver and intrahepatic bile ducts	TCGA-LIHC	TCGA-WQ-AB4B
948a9bbc-60b0-4fb7-a707-76bc41294217	-24969		hispanic or latino	male	white	Alive	24969	0	366.0			Hepatocellular carcinoma, NOS		yes	Surgery, NOS	yes	Chemotherapy	no	Ablation or Embolization, NOS	no	Radiation Therapy, NOS													G2																																																																																																		Adenomas and Adenocarcinomas	948a9bbc-60b0-4fb7-a707-76bc41294217	Liver and intrahepatic bile ducts	TCGA-LIHC	TCGA-LG-A9QD
8c2783ef-aa41-44c9-be87-fa4c84108f1e	-17842		not hispanic or latino	male	white	Alive	17842	0	425.0			Hepatocellular carcinoma, NOS		unknown	Ablation or Embolization, NOS	unknown	Radiation Therapy, NOS	yes	Surgery, NOS	unknown	Pharmaceutical Therapy, NOS													G2																																																																																																		Adenomas and Adenocarcinomas	8c2783ef-aa41-44c9-be87-fa4c84108f1e	Liver and intrahepatic bile ducts	TCGA-LIHC	TCGA-LG-A9QC
670c1cbc-4494-45f1-bb8b-18db82d4f7e0	-18553	101	not hispanic or latino	male	asian	Dead	18553	0	101.0			Hepatocellular carcinoma, NOS		no	Ablation or Embolization, NOS	no	Pharmaceutical Therapy, NOS	no	Radiation Therapy, NOS	yes	Surgery, NOS													G3																																																																																																		Adenomas and Adenocarcinomas	670c1cbc-4494-45f1-bb8b-18db82d4f7e0	Liver and intrahepatic bile ducts	TCGA-LIHC	TCGA-CC-A1HT
a7f7e313-4636-4c54-b2b7-f5928a8368e4	-21512		not hispanic or latino	male	asian	Alive	21512	0	636.0			Hepatocellular carcinoma, NOS		no	Radiation Therapy, NOS	no	Ablation or Embolization, NOS	yes	Surgery, NOS	no	Pharmaceutical Therapy, NOS													G4																																																																																																		Adenomas and Adenocarcinomas	a7f7e313-4636-4c54-b2b7-f5928a8368e4	Liver and intrahepatic bile ducts	TCGA-LIHC	TCGA-DD-AADL
460a3cbd-c63c-4e6f-b670-2619687ac5a0	-23227		not hispanic or latino	male	asian	Alive	23227	0	474.0			Hepatocellular carcinoma, NOS		no	Radiation Therapy, NOS	no	Ablation or Embolization, NOS	yes	Surgery, NOS	no	Pharmaceutical Therapy, NOS													G2																																																																																																		Adenomas and Adenocarcinomas	460a3cbd-c63c-4e6f-b670-2619687ac5a0	Liver and intrahepatic bile ducts	TCGA-LIHC	TCGA-DD-AADS
3134f7d1-3359-497a-b8be-1f317d8ddaaa	-23557		not hispanic or latino	male	white	Alive	23557	0	631.0			Hepatocellular carcinoma, NOS		yes	Chemoembolization	no	Pharmaceutical Therapy, NOS	yes	Ablation or Embolization, NOS	yes	Surgery, NOS	no	Radiation Therapy, NOS	yes	Chemoembolization									G1	23496	-61				Hepatocellular carcinoma, NOS		no	Radiation Therapy, NOS	no	Surgery, NOS											no	Pharmaceutical Therapy, NOS																23762	205				Hepatocellular carcinoma, NOS		no	Organ Transplantation	no	Radiation Therapy, NOS																																																	Adenomas and Adenocarcinomas	3134f7d1-3359-497a-b8be-1f317d8ddaaa	Liver and intrahepatic bile ducts	TCGA-LIHC	TCGA-K7-A5RF
1043bc90-72c9-48c9-ae24-f617d0485e78	-26330		not hispanic or latino	male	white	Alive	26986	656				Hepatocellular carcinoma, NOS		no	Organ Transplantation	no	Surgery, NOS	no	Radiation Therapy, NOS	no	Ablation or Embolization, NOS	no	Pharmaceutical Therapy, NOS												26330	0	942.0			Hepatocellular carcinoma, NOS		yes	Surgery, NOS	no	Pharmaceutical Therapy, NOS											no	Ablation or Embolization, NOS	yes	Radiation, External Beam													G2	26986	656				Hepatocellular carcinoma, NOS		no	Surgery, NOS	no	Ablation or Embolization, NOS	yes	Radiation Therapy, NOS	no	Pharmaceutical Therapy, NOS	no	Organ Transplantation																																											Adenomas and Adenocarcinomas	1043bc90-72c9-48c9-ae24-f617d0485e78	Liver and intrahepatic bile ducts	TCGA-LIHC	TCGA-DD-A4NF
e50edba1-8ec4-47e7-a01e-9f1b2cd75fd7	-24288		not hispanic or latino	female	asian	Alive	24288	0	1233.0			Hepatocellular carcinoma, NOS		no	Pharmaceutical Therapy, NOS	no	Radiation Therapy, NOS	yes	Surgery, NOS	no	Ablation or Embolization, NOS													G3																																																																																																		Adenomas and Adenocarcinomas	e50edba1-8ec4-47e7-a01e-9f1b2cd75fd7	Liver and intrahepatic bile ducts	TCGA-LIHC	TCGA-DD-AADA
55e53229-c58f-4922-8869-0f5e2f6c2d7d	-22341		not hispanic or latino	male	black or african american	Alive	22606	265				Not Reported		unknown	Ablation or Embolization, NOS	unknown	Radiation Therapy, NOS	unknown	Pharmaceutical Therapy, NOS																22606	265				Hepatocellular carcinoma, NOS		unknown	Surgery, NOS	unknown	Ablation or Embolization, NOS											no	Organ Transplantation	unknown	Pharmaceutical Therapy, NOS	unknown	Radiation Therapy, NOS												22341	0	630.0			Hepatocellular carcinoma, NOS		yes	Surgery, NOS	unknown	Radiation Therapy, NOS	unknown	Ablation or Embolization, NOS	unknown	Pharmaceutical Therapy, NOS							G1																																						Adenomas and Adenocarcinomas	55e53229-c58f-4922-8869-0f5e2f6c2d7d	Liver and intrahepatic bile ducts	TCGA-LIHC	TCGA-MI-A75I
b27720a2-e240-413c-a0f1-0b1af3621de2	-20187		not hispanic or latino	female	white	Alive	20187	0	1939.0			Hepatocellular carcinoma, NOS		yes	Surgery, NOS	no	Ablation or Embolization, NOS	no	Pharmaceutical Therapy, NOS	no	Radiation Therapy, NOS													G2																																																																																																		Adenomas and Adenocarcinomas	b27720a2-e240-413c-a0f1-0b1af3621de2	Liver and intrahepatic bile ducts	TCGA-LIHC	TCGA-2Y-A9GU
470d52b8-3d74-4789-b714-b9869a96657b	-17638		not hispanic or latino	female	asian	Alive	17638	0	6.0			Hepatocellular carcinoma, NOS		no	Ablation or Embolization, NOS	yes	Surgery, NOS	unknown	Pharmaceutical Therapy, NOS	no	Radiation Therapy, NOS													G3																																																																																																		Adenomas and Adenocarcinomas	470d52b8-3d74-4789-b714-b9869a96657b	Liver and intrahepatic bile ducts	TCGA-LIHC	TCGA-ED-A7PX
c95ed407-bcc2-44aa-bc59-bf7549f2d665	-25788	1852	not hispanic or latino	female	white	Dead	25788	0	1852.0			Hepatocellular carcinoma, NOS		no	Pharmaceutical Therapy, NOS	yes	Ablation, Radiofrequency	no	Ablation or Embolization, NOS	no	Radiation Therapy, NOS	yes	Surgery, NOS												27241	1453				Hepatocellular carcinoma, NOS		yes	Ablation or Embolization, NOS	no	Radiation Therapy, NOS											no	Surgery, NOS	no	Pharmaceutical Therapy, NOS	no	Organ Transplantation																																																																							Adenomas and Adenocarcinomas	c95ed407-bcc2-44aa-bc59-bf7549f2d665	Liver and intrahepatic bile ducts	TCGA-LIHC	TCGA-FV-A23B
34413807-07be-4204-b095-5e1dd1ed87dc	-14796		not hispanic or latino	male	asian	Alive	14796	0	1876.0			Hepatocellular carcinoma, NOS		no	Pharmaceutical Therapy, NOS	no	Radiation Therapy, NOS	no	Ablation or Embolization, NOS	yes	Surgery, NOS													G3	15275	479				Hepatocellular carcinoma, NOS		no	Ablation or Embolization, NOS	no	Organ Transplantation											no	Radiation Therapy, NOS	no	Pharmaceutical Therapy, NOS	no	Surgery, NOS																																																																							Adenomas and Adenocarcinomas	34413807-07be-4204-b095-5e1dd1ed87dc	Liver and intrahepatic bile ducts	TCGA-LIHC	TCGA-DD-AACO
3d048a45-3d5d-4563-acc8-3c662861f18a	-24002		not hispanic or latino	male	white	Alive	24002	0	361.0			Hepatocellular carcinoma, NOS		no	Radiation Therapy, NOS	no	Ablation or Embolization, NOS	yes	Surgery, NOS	no	Pharmaceutical Therapy, NOS													G1																																																																																																		Adenomas and Adenocarcinomas	3d048a45-3d5d-4563-acc8-3c662861f18a	Liver and intrahepatic bile ducts	TCGA-LIHC	TCGA-G3-A7M7
8574d285-e02a-4d2b-931b-73556a9fda02	-12669		Unknown	male	white	Alive	12669	0	330.0			Hepatocellular carcinoma, fibrolamellar		yes	Surgery, NOS	no	Ablation or Embolization, NOS	no	Radiation Therapy, NOS	no	Pharmaceutical Therapy, NOS													G3																																																																																																		Adenomas and Adenocarcinomas	8574d285-e02a-4d2b-931b-73556a9fda02	Liver and intrahepatic bile ducts	TCGA-LIHC	TCGA-MR-A8JO
1b428ada-eb3f-40c2-b4bf-1bbf6b61729d	-24787	103	not hispanic or latino	male	asian	Dead	24787	0	103.0			Hepatocellular carcinoma, NOS		no	Radiation Therapy, NOS	no	Pharmaceutical Therapy, NOS	yes	Surgery, NOS	no	Ablation or Embolization, NOS													G1																																																																																																		Adenomas and Adenocarcinomas	1b428ada-eb3f-40c2-b4bf-1bbf6b61729d	Liver and intrahepatic bile ducts	TCGA-LIHC	TCGA-CC-5262
40f30ffb-51de-4786-a88f-16c170aac207	-25046		not hispanic or latino	female	asian	Alive	25046	0	1049.0			Hepatocellular carcinoma, NOS		yes	Surgery, NOS	no	Radiation Therapy, NOS	no	Pharmaceutical Therapy, NOS	no	Ablation or Embolization, NOS													G3																																																																																																		Adenomas and Adenocarcinomas	40f30ffb-51de-4786-a88f-16c170aac207	Liver and intrahepatic bile ducts	TCGA-LIHC	TCGA-DD-AADK
3bbff405-dae4-4dc9-985a-33e7ac9cb2dd	-19073		not hispanic or latino	male	asian	Alive	19073	0	552.0			Hepatocellular carcinoma, NOS		no	Radiation Therapy, NOS	no	Pharmaceutical Therapy, NOS	yes	Surgery, NOS	no	Ablation or Embolization, NOS													G3																																																																																																		Adenomas and Adenocarcinomas	3bbff405-dae4-4dc9-985a-33e7ac9cb2dd	Liver and intrahepatic bile ducts	TCGA-LIHC	TCGA-DD-AAE1
fbb0e4bc-5398-4a7e-963c-86ea1108a2de	-26894		not hispanic or latino	male	asian	Alive	27538	644				Hepatocellular carcinoma, NOS		yes	Surgery, NOS	no	Ablation or Embolization, NOS	no	Pharmaceutical Therapy, NOS	no	Organ Transplantation	no	Radiation Therapy, NOS												26894	0	784.0			Hepatocellular carcinoma, NOS		no	Radiation Therapy, NOS	yes	Surgery, NOS											no	Pharmaceutical Therapy, NOS	no	Ablation or Embolization, NOS													G2																																																												Adenomas and Adenocarcinomas	fbb0e4bc-5398-4a7e-963c-86ea1108a2de	Liver and intrahepatic bile ducts	TCGA-LIHC	TCGA-DD-AAEH
4c960eee-e4b5-499d-a596-238aa78745a4	-25451		not hispanic or latino	male	asian	Alive	25451	0	722.0			Hepatocellular carcinoma, NOS		yes	Surgery, NOS	no	Radiation Therapy, NOS	no	Pharmaceutical Therapy, NOS	no	Ablation or Embolization, NOS													G3																																																																																																		Adenomas and Adenocarcinomas	4c960eee-e4b5-499d-a596-238aa78745a4	Liver and intrahepatic bile ducts	TCGA-LIHC	TCGA-DD-AAE9
9c5e2438-f587-4935-92f0-4bfd57468eaa	-21222	1229	not hispanic or latino	male	white	Dead	21992	770				Hepatocellular carcinoma, NOS		no	Ablation or Embolization, NOS	no	Organ Transplantation	no	Radiation Therapy, NOS	no	Surgery, NOS	no	Pharmaceutical Therapy, NOS												21222	0	1229.0			Hepatocellular carcinoma, NOS		yes	Surgery, NOS	yes	Ablation or Embolization, NOS											no	Radiation Therapy, NOS	no	Pharmaceutical Therapy, NOS	yes	Radioembolization											G2	21543	321				Hepatocellular carcinoma, NOS		yes	Ablation or Embolization, NOS	no	Pharmaceutical Therapy, NOS	no	Radiation Therapy, NOS	no	Organ Transplantation	yes	Surgery, NOS																																											Adenomas and Adenocarcinomas	9c5e2438-f587-4935-92f0-4bfd57468eaa	Liver and intrahepatic bile ducts	TCGA-LIHC	TCGA-2Y-A9H1
23103931-cc29-4f89-ae9c-79d53401ecea	-25305	837	not hispanic or latino	male	white	Dead	25305	0	837.0			Hepatocellular carcinoma, NOS		no	Pharmaceutical Therapy, NOS	yes	Ablation, Radiofrequency	no	Radiation Therapy, NOS	no	Ablation or Embolization, NOS	yes	Surgery, NOS											G2	25891	586				Hepatocellular carcinoma, NOS		no	Pharmaceutical Therapy, NOS	no	Radiation Therapy, NOS											yes	Ablation or Embolization, NOS	no	Organ Transplantation	no	Surgery, NOS																																																																							Adenomas and Adenocarcinomas	23103931-cc29-4f89-ae9c-79d53401ecea	Liver and intrahepatic bile ducts	TCGA-LIHC	TCGA-BC-A10U
5c08008d-5ed4-4480-bd00-c8a2d8c787dc	-28771	2486	not hispanic or latino	male	white	Dead						Hepatocellular carcinoma, NOS		yes	Surgery, NOS	no	Pharmaceutical Therapy, NOS	no	Radiation Therapy, NOS	no	Ablation or Embolization, NOS	no	Organ Transplantation												28771	0	2486.0			Hepatocellular carcinoma, NOS		unknown	Pharmaceutical Therapy, NOS	unknown	Ablation or Embolization, NOS											yes	Surgery, NOS	unknown	Radiation Therapy, NOS													G2						Basaloid squamous cell carcinoma		no	Pharmaceutical Therapy, NOS	no	Radiation Therapy, NOS																																																	Adenomas and Adenocarcinomas	5c08008d-5ed4-4480-bd00-c8a2d8c787dc	Liver and intrahepatic bile ducts	TCGA-LIHC	TCGA-FV-A4ZP
0004d251-3f70-4395-b175-c94c2f5b1b81	-17833		not hispanic or latino	male	asian	Alive	17833	0	2752.0			Hepatocellular carcinoma, NOS		no	Radiation Therapy, NOS	no	Pharmaceutical Therapy, NOS	yes	Ablation or Embolization, NOS	yes	Surgery, NOS													G1	18736	903				Hepatocellular carcinoma, NOS		no	Ablation or Embolization, NOS	no	Pharmaceutical Therapy, NOS											no	Radiation Therapy, NOS	yes	Surgery, NOS	no	Organ Transplantation												18736	903				Hepatocellular carcinoma, NOS		no	Organ Transplantation	no	Radiation Therapy, NOS	no	Surgery, NOS	no	Pharmaceutical Therapy, NOS	yes	Ablation or Embolization, NOS						18736	903				Hepatocellular carcinoma, NOS		no	Radiation Therapy, NOS	yes	Organ Transplantation	no	Surgery, NOS	yes	Ablation or Embolization, NOS	no	Pharmaceutical Therapy, NOS																					Adenomas and Adenocarcinomas	0004d251-3f70-4395-b175-c94c2f5b1b81	Liver and intrahepatic bile ducts	TCGA-LIHC	TCGA-DD-AAVP
001887aa-36d0-463f-8bca-dec7043b4f2e	-11838		not hispanic or latino	male	white	Alive	13124	1286				Hepatocellular carcinoma, NOS		yes	Ablation or Embolization, NOS																				11838	0	3308.0			Hepatocellular carcinoma, NOS		no	Ablation or Embolization, NOS	yes	Ablation, Radiofrequency											no	Radiation Therapy, NOS	yes	Ablation, Radiofrequency	no	Pharmaceutical Therapy, NOS	yes	Surgery, NOS									G3	14580	2742				Hepatocellular carcinoma, NOS		yes	Ablation or Embolization, NOS														14580	2742				Hepatocellular carcinoma, NOS		no	Pharmaceutical Therapy, NOS	no	Radiation Therapy, NOS	yes	Ablation or Embolization, NOS	no	Surgery, NOS	no	Organ Transplantation								13124	1286	Hepatocellular carcinoma, NOS	no	Surgery, NOS	no	Radiation Therapy, NOS	no	Pharmaceutical Therapy, NOS	no	Organ Transplantation	yes	Ablation or Embolization, NOS	Adenomas and Adenocarcinomas	001887aa-36d0-463f-8bca-dec7043b4f2e	Liver and intrahepatic bile ducts	TCGA-LIHC	TCGA-DD-A4NP
00f209c3-041a-4c6e-8b0f-6383eb3c85fc	-26795		not hispanic or latino	male	white	Alive	26795	0	849.0			Hepatocellular carcinoma, NOS		yes	Surgery, NOS	yes	Chemotherapy	no	Ablation or Embolization, NOS	yes	Chemotherapy	no	Radiation Therapy, NOS											G3																																																																																																		Adenomas and Adenocarcinomas	00f209c3-041a-4c6e-8b0f-6383eb3c85fc	Liver and intrahepatic bile ducts	TCGA-LIHC	TCGA-BC-4073
010d5817-9a3f-4a06-8643-653116c044ff	-22457		not hispanic or latino	male	white	Alive	22457	0	507.0			Hepatocellular carcinoma, NOS		no	Radiation Therapy, NOS	yes	Surgery, NOS	no	Pharmaceutical Therapy, NOS	no	Ablation or Embolization, NOS													G2																																																																																																		Adenomas and Adenocarcinomas	010d5817-9a3f-4a06-8643-653116c044ff	Liver and intrahepatic bile ducts	TCGA-LIHC	TCGA-MI-A75E
01cc571c-a47c-4548-9c14-5e51c79b095b	-11527		not hispanic or latino	male	asian	Alive	11527	0	430.0			Hepatocellular carcinoma, NOS		no	Pharmaceutical Therapy, NOS	no	Ablation or Embolization, NOS	no	Radiation Therapy, NOS	yes	Surgery, NOS													G1																																																																																																		Adenomas and Adenocarcinomas	01cc571c-a47c-4548-9c14-5e51c79b095b	Liver and intrahepatic bile ducts	TCGA-LIHC	TCGA-G3-A7M8
023a1ad1-fb16-437e-9806-5063b47f76bd	-25403		not hispanic or latino	male	white	Alive	25403	0	662.0			Hepatocellular carcinoma, NOS		no	Radiation Therapy, NOS	no	Pharmaceutical Therapy, NOS	no	Ablation or Embolization, NOS	yes	Surgery, NOS													G3																																																																																																		Adenomas and Adenocarcinomas	023a1ad1-fb16-437e-9806-5063b47f76bd	Liver and intrahepatic bile ducts	TCGA-LIHC	TCGA-DD-A11C
027322f0-d720-41f8-897c-a10e5c1424c5	-24891		not hispanic or latino	male	asian	Alive	25044	153				Hepatocellular carcinoma, NOS		no	Ablation or Embolization, NOS	no	Radiation Therapy, NOS	no	Surgery, NOS	no	Organ Transplantation	no	Pharmaceutical Therapy, NOS												24891	0	248.0			Hepatocellular carcinoma, NOS		yes	Surgery, NOS	unknown	Pharmaceutical Therapy, NOS											unknown	Radiation Therapy, NOS	unknown	Ablation or Embolization, NOS													G2																																																												Adenomas and Adenocarcinomas	027322f0-d720-41f8-897c-a10e5c1424c5	Liver and intrahepatic bile ducts	TCGA-LIHC	TCGA-CC-A9FW
02931491-f56b-4233-a079-812e08bc0c59	-15410	1149	not hispanic or latino	male	black or african american	Dead	15410	0	1149.0			Hepatocellular carcinoma, NOS		yes	Surgery, NOS	no	Pharmaceutical Therapy, NOS	no	Radiation Therapy, NOS	no	Ablation or Embolization, NOS													G3																																																																																																		Adenomas and Adenocarcinomas	02931491-f56b-4233-a079-812e08bc0c59	Liver and intrahepatic bile ducts	TCGA-LIHC	TCGA-DD-A114
02c41e28-cf14-42e2-9e15-f43248ae16e0	-22639		not hispanic or latino	male	white	Alive	22639	0	756.0			Hepatocellular carcinoma, NOS		no	Pharmaceutical Therapy, NOS	yes	Surgery, NOS	no	Ablation or Embolization, NOS	no	Radiation Therapy, NOS													G1																																																																																																		Adenomas and Adenocarcinomas	02c41e28-cf14-42e2-9e15-f43248ae16e0	Liver and intrahepatic bile ducts	TCGA-LIHC	TCGA-WX-AA46
03df105e-a005-4577-bfdb-9644758d778e	-25420		not hispanic or latino	male	asian	Alive	25420	0	1855.0			Hepatocellular carcinoma, NOS		yes	Surgery, NOS	no	Radiation Therapy, NOS	yes	Pharmaceutical Therapy, NOS	no	Ablation or Embolization, NOS													G2	25811	391				Hepatocellular carcinoma, NOS		no	Ablation or Embolization, NOS	yes	Radiation Therapy, NOS											no	Organ Transplantation	no	Surgery, NOS	yes	Pharmaceutical Therapy, NOS												25811	391				Hepatocellular carcinoma, NOS		no	Radiation Therapy, NOS	no	Pharmaceutical Therapy, NOS	no	Organ Transplantation	yes	Ablation or Embolization, NOS	no	Surgery, NOS						25811	391				Hepatocellular carcinoma, NOS		no	Surgery, NOS	yes	Pharmaceutical Therapy, NOS	no	Radiation Therapy, NOS	yes	Ablation or Embolization, NOS	no	Organ Transplantation																					Adenomas and Adenocarcinomas	03df105e-a005-4577-bfdb-9644758d778e	Liver and intrahepatic bile ducts	TCGA-LIHC	TCGA-DD-AAW2
03f5de7d-45a9-4a73-8c61-ed816d4a3ac5	-24221		not hispanic or latino	male	asian	Alive	24221	0	658.0			Hepatocellular carcinoma, NOS		no	Ablation or Embolization, NOS	no	Pharmaceutical Therapy, NOS	yes	Surgery, NOS	no	Radiation Therapy, NOS													G2																																																																																																		Adenomas and Adenocarcinomas	03f5de7d-45a9-4a73-8c61-ed816d4a3ac5	Liver and intrahepatic bile ducts	TCGA-LIHC	TCGA-DD-AAD2
073e51f9-fb79-4a5f-9ba0-2c9af03c0b85	-21273		not hispanic or latino	male	white	Alive	21273	0	328.0			Hepatocellular carcinoma, NOS		no	Radiation Therapy, NOS	no	Ablation or Embolization, NOS	no	Pharmaceutical Therapy, NOS	yes	Surgery, NOS													G2																																																																																																		Adenomas and Adenocarcinomas	073e51f9-fb79-4a5f-9ba0-2c9af03c0b85	Liver and intrahepatic bile ducts	TCGA-LIHC	TCGA-5C-A9VG
07dd49fc-8a76-41e8-9eb3-107336f68701	-24328		not reported	female	white	Alive	24328	0	8.0			Hepatocellular carcinoma, NOS		unknown	Pharmaceutical Therapy, NOS	unknown	Radiation Therapy, NOS	yes	Surgery, NOS	unknown	Ablation or Embolization, NOS													G2																																																																																																		Adenomas and Adenocarcinomas	07dd49fc-8a76-41e8-9eb3-107336f68701	Liver and intrahepatic bile ducts	TCGA-LIHC	TCGA-BC-A3KF
08428220-abd4-484e-85ca-3673454c837e	-26988		not hispanic or latino	male	asian	Alive	26988	0	1779.0			Hepatocellular carcinoma, NOS		no	Ablation or Embolization, NOS	no	Pharmaceutical Therapy, NOS	no	Radiation Therapy, NOS	yes	Surgery, NOS													G3																																																																																																		Adenomas and Adenocarcinomas	08428220-abd4-484e-85ca-3673454c837e	Liver and intrahepatic bile ducts	TCGA-LIHC	TCGA-G3-A25X
08cbbb39-d05a-48b0-a966-5212c5923c8b	-25302		not hispanic or latino	male	black or african american	Alive	25302	0	1098.0			Hepatocellular carcinoma, NOS		yes	Surgery, NOS	no	Pharmaceutical Therapy, NOS	no	Ablation or Embolization, NOS	no	Radiation Therapy, NOS													G2																																																																																																		Adenomas and Adenocarcinomas	08cbbb39-d05a-48b0-a966-5212c5923c8b	Liver and intrahepatic bile ducts	TCGA-LIHC	TCGA-RG-A7D4
0904fd43-e25c-4d0f-acee-29faa3fd933b	-18482		not hispanic or latino	male	asian	Alive	18650	168				Hepatocellular carcinoma, NOS		no	Surgery, NOS	no	Radiation Therapy, NOS	no	Organ Transplantation	yes	Ablation or Embolization, NOS	no	Pharmaceutical Therapy, NOS												18482	0	1202.0			Hepatocellular carcinoma, NOS		yes	Surgery, NOS	no	Radiation Therapy, NOS											no	Ablation or Embolization, NOS	no	Pharmaceutical Therapy, NOS													G4	18650	168				Hepatocellular carcinoma, NOS		no	Surgery, NOS	no	Radiation Therapy, NOS	no	Organ Transplantation	no	Ablation or Embolization, NOS	no	Pharmaceutical Therapy, NOS																																											Adenomas and Adenocarcinomas	0904fd43-e25c-4d0f-acee-29faa3fd933b	Liver and intrahepatic bile ducts	TCGA-LIHC	TCGA-DD-AADE
0955d871-5413-4ab2-8fdf-b4feb3aeef5d	-30466	27	not hispanic or latino	female	white	Dead	30466	0	27.0			Hepatocellular carcinoma, NOS		no	Ablation or Embolization, NOS	no	Radiation Therapy, NOS	no	Pharmaceutical Therapy, NOS	yes	Surgery, NOS													G1																																																																																																		Adenomas and Adenocarcinomas	0955d871-5413-4ab2-8fdf-b4feb3aeef5d	Liver and intrahepatic bile ducts	TCGA-LIHC	TCGA-G3-AAV4
09790a9b-cc2f-4d7e-a971-8fb4ecd9f791	-26781		not hispanic or latino	female	asian	Alive	26781	0	137.0			Hepatocellular carcinoma, NOS		no	Ablation or Embolization, NOS	no	Radiation Therapy, NOS	no	Pharmaceutical Therapy, NOS	yes	Surgery, NOS													G2	26828	47				Hepatocellular carcinoma, NOS		yes	Ablation or Embolization, NOS	no	Organ Transplantation											no	Radiation Therapy, NOS	no	Surgery, NOS	no	Pharmaceutical Therapy, NOS																																																																							Adenomas and Adenocarcinomas	09790a9b-cc2f-4d7e-a971-8fb4ecd9f791	Liver and intrahepatic bile ducts	TCGA-LIHC	TCGA-DD-AAD0
0afd4283-7311-4d69-a2f5-779628da45fc	-12007		not hispanic or latino	male	asian	Alive	12007	0	1302.0			Hepatocellular carcinoma, NOS		yes	Ablation or Embolization, NOS	no	Pharmaceutical Therapy, NOS	yes	Surgery, NOS	yes	Chemoembolization	no	Radiation Therapy, NOS											G3	12364	357				Hepatocellular carcinoma, NOS		yes	Ablation or Embolization, NOS	no	Pharmaceutical Therapy, NOS											no	Surgery, NOS	no	Radiation Therapy, NOS	no	Organ Transplantation																																																																							Adenomas and Adenocarcinomas	0afd4283-7311-4d69-a2f5-779628da45fc	Liver and intrahepatic bile ducts	TCGA-LIHC	TCGA-DD-AACN
0bf5bbd4-d9e8-42a6-9ab5-f2c174dec12c	-24274	308	not hispanic or latino	female	white	Dead	24473	199				Hepatocellular carcinoma, NOS		yes	Pharmaceutical Therapy, NOS	no	Radiation Therapy, NOS	yes	Ablation or Embolization, NOS	no	Surgery, NOS	no	Organ Transplantation												24274	0	308.0			Hepatocellular carcinoma, NOS		no	Ablation or Embolization, NOS	yes	Chemoembolization											yes	Surgery, NOS	no	Radiation Therapy, NOS	yes	Chemoembolization											G2																																																												Adenomas and Adenocarcinomas	0bf5bbd4-d9e8-42a6-9ab5-f2c174dec12c	Liver and intrahepatic bile ducts	TCGA-LIHC	TCGA-BC-A10R
0d13229a-304a-48a6-a761-12e68e94a4b4	-15706		not hispanic or latino	male	asian	Alive	15706	0	1295.0			Hepatocellular carcinoma, NOS		yes	Surgery, NOS	no	Pharmaceutical Therapy, NOS	no	Ablation or Embolization, NOS	no	Radiation Therapy, NOS													G2																																																																																																		Adenomas and Adenocarcinomas	0d13229a-304a-48a6-a761-12e68e94a4b4	Liver and intrahepatic bile ducts	TCGA-LIHC	TCGA-DD-AAD3
0e8c3831-def9-4efa-9f93-8942072d6a77	-30082	848	not hispanic or latino	female	white	Dead	30082	0	848.0			Hepatocellular carcinoma, NOS		yes	Chemotherapy	no	Ablation or Embolization, NOS	yes	Surgery, NOS	no	Radiation Therapy, NOS													G2	30801	719				Hepatocellular carcinoma, NOS		no	Surgery, NOS	yes	Pharmaceutical Therapy, NOS											no	Ablation or Embolization, NOS	no	Radiation Therapy, NOS	no	Organ Transplantation																																																																							Adenomas and Adenocarcinomas	0e8c3831-def9-4efa-9f93-8942072d6a77	Liver and intrahepatic bile ducts	TCGA-LIHC	TCGA-2Y-A9GZ
0ef95351-0133-4f34-a59c-90934fb161f8	-21003	1560	not hispanic or latino	female	white	Dead	21501	498				Hepatocellular carcinoma, NOS		yes	Ablation or Embolization, NOS	no	Radiation Therapy, NOS	no	Surgery, NOS	yes	Pharmaceutical Therapy, NOS	no	Organ Transplantation												21501	498				Hepatocellular carcinoma, NOS		no	Organ Transplantation	no	Ablation or Embolization, NOS											no	Radiation Therapy, NOS	yes	Pharmaceutical Therapy, NOS	no	Surgery, NOS												21501	498				Hepatocellular carcinoma, NOS		no	Surgery, NOS	yes	Ablation or Embolization, NOS	no	Radiation Therapy, NOS	yes	Pharmaceutical Therapy, NOS	no	Organ Transplantation						21003	0	1560.0			Hepatocellular carcinoma, NOS		yes	Radioembolization	yes	Surgery, NOS	yes	Chemotherapy	no	Ablation or Embolization, NOS	yes	Chemotherapy	yes	Chemotherapy	no	Radiation Therapy, NOS	yes	Chemotherapy	G2														Adenomas and Adenocarcinomas	0ef95351-0133-4f34-a59c-90934fb161f8	Liver and intrahepatic bile ducts	TCGA-LIHC	TCGA-DD-A11D
0f34d654-8984-4b8b-b345-67066d611513	-18429	432	not hispanic or latino	male	asian	Dead	18534	105				Hepatocellular carcinoma, NOS		no	Ablation or Embolization, NOS	no	Surgery, NOS	no	Organ Transplantation	yes	Radiation Therapy, NOS	no	Pharmaceutical Therapy, NOS												18534	105				Hepatocellular carcinoma, NOS		no	Surgery, NOS	no	Radiation Therapy, NOS											no	Organ Transplantation	no	Pharmaceutical Therapy, NOS	yes	Ablation or Embolization, NOS												18429	0	432.0			Hepatocellular carcinoma, NOS		no	Pharmaceutical Therapy, NOS	no	Ablation or Embolization, NOS	no	Radiation Therapy, NOS	yes	Surgery, NOS							G3																																						Adenomas and Adenocarcinomas	0f34d654-8984-4b8b-b345-67066d611513	Liver and intrahepatic bile ducts	TCGA-LIHC	TCGA-DD-AACQ
0ff6364a-e6f4-47ca-a7e7-14705bf0a8df	-25039		not hispanic or latino	male	white	Alive	25039	0	2301.0			Hepatocellular carcinoma, NOS		no	Ablation or Embolization, NOS	no	Pharmaceutical Therapy, NOS	yes	Surgery, NOS	no	Radiation Therapy, NOS													G1																																																																																																		Adenomas and Adenocarcinomas	0ff6364a-e6f4-47ca-a7e7-14705bf0a8df	Liver and intrahepatic bile ducts	TCGA-LIHC	TCGA-DD-A1ED
109436aa-a655-429b-8d3b-1a43385c9016	-19981		not hispanic or latino	male	asian	Alive	19981	0	2015.0			Hepatocellular carcinoma, NOS		no	Ablation or Embolization, NOS	no	Pharmaceutical Therapy, NOS	no	Radiation Therapy, NOS	yes	Surgery, NOS													G2																																																																																																		Adenomas and Adenocarcinomas	109436aa-a655-429b-8d3b-1a43385c9016	Liver and intrahepatic bile ducts	TCGA-LIHC	TCGA-DD-AAW0
115b754d-8559-4f1d-af44-fcd8c2cef86a	-25588	56	not hispanic or latino	male	white	Dead	25588	0	56.0			Hepatocellular carcinoma, NOS		yes	Surgery, NOS	no	Ablation or Embolization, NOS	no	Pharmaceutical Therapy, NOS	no	Radiation Therapy, NOS													G2	25315	-273				Basal cell carcinoma, NOS		no	Radiation Therapy, NOS	no	Pharmaceutical Therapy, NOS											yes	Surgery, NOS																25315	-273				Squamous cell carcinoma, NOS		yes	Surgery, NOS	no	Radiation Therapy, NOS	no	Pharmaceutical Therapy, NOS										25455	-133				Basal cell carcinoma, NOS		no	Radiation Therapy, NOS	no	Pharmaceutical Therapy, NOS	yes	Surgery, NOS																									Adenomas and Adenocarcinomas	115b754d-8559-4f1d-af44-fcd8c2cef86a	Liver and intrahepatic bile ducts	TCGA-LIHC	TCGA-G3-A7M9
11823a8a-194f-4e6b-a373-ef5a3fc7d2b9	-12986		not hispanic or latino	male	asian	Alive	12986	0	2317.0			Hepatocellular carcinoma, NOS		yes	Surgery, NOS	no	Pharmaceutical Therapy, NOS	no	Ablation or Embolization, NOS	no	Radiation Therapy, NOS													G2																																																																																																		Adenomas and Adenocarcinomas	11823a8a-194f-4e6b-a373-ef5a3fc7d2b9	Liver and intrahepatic bile ducts	TCGA-LIHC	TCGA-DD-AAVW
13a97cee-76b0-46a1-b728-d87b2248311e	-25489		not reported	male	white	Alive	25489	0	1363.0			Hepatocellular carcinoma, NOS		no	Radiation Therapy, NOS	no	Pharmaceutical Therapy, NOS	yes	Surgery, NOS	no	Ablation or Embolization, NOS													G2	25904	415				Hepatocellular carcinoma, NOS		no	Radiation Therapy, NOS	yes	Pharmaceutical Therapy, NOS											no	Surgery, NOS	yes	Ablation or Embolization, NOS	no	Organ Transplantation																																																																							Adenomas and Adenocarcinomas	13a97cee-76b0-46a1-b728-d87b2248311e	Liver and intrahepatic bile ducts	TCGA-LIHC	TCGA-BD-A2L6
14201da5-4446-47be-af72-120b7780c6bf	-16126	768	not hispanic or latino	male	asian	Dead	16474	348				Hepatocellular carcinoma, NOS		no	Radiation Therapy, NOS	no	Surgery, NOS	no	Pharmaceutical Therapy, NOS	no	Organ Transplantation	yes	Ablation or Embolization, NOS												16126	0	768.0			Hepatocellular carcinoma, NOS		yes	Chemoembolization	no	Ablation or Embolization, NOS											no	Radiation Therapy, NOS	yes	Chemoembolization	yes	Surgery, NOS	yes	Chemotherapy	yes	Chemoembolization							G2																																																												Adenomas and Adenocarcinomas	14201da5-4446-47be-af72-120b7780c6bf	Liver and intrahepatic bile ducts	TCGA-LIHC	TCGA-G3-A5SI
146c5332-1af5-4c49-b740-9a9edc795f24	-16889		not hispanic or latino	male	asian	Alive	18519	1630				Hepatocellular carcinoma, NOS		no	Radiation Therapy, NOS	no	Pharmaceutical Therapy, NOS	no	Surgery, NOS	no	Ablation or Embolization, NOS	yes	Organ Transplantation												16889	0	2202.0			Hepatocellular carcinoma, NOS		no	Pharmaceutical Therapy, NOS	yes	Surgery, NOS											no	Ablation or Embolization, NOS	no	Radiation Therapy, NOS													G2																																																												Adenomas and Adenocarcinomas	146c5332-1af5-4c49-b740-9a9edc795f24	Liver and intrahepatic bile ducts	TCGA-LIHC	TCGA-DD-AAVU
1724c96a-2aa3-43d4-992a-08af948c0f45	-18363		not hispanic or latino	male	white	Alive	18363	0	372.0			Hepatocellular carcinoma, NOS		no	Radiation Therapy, NOS	yes	Surgery, NOS	no	Pharmaceutical Therapy, NOS	no	Ablation or Embolization, NOS													G1																																																																																																		Adenomas and Adenocarcinomas	1724c96a-2aa3-43d4-992a-08af948c0f45	Liver and intrahepatic bile ducts	TCGA-LIHC	TCGA-G3-AAV2
173088ed-6bc0-4ccf-80e7-c647028cccd6	-17590		not hispanic or latino	male	asian	Alive	17590	0	1769.0			Hepatocellular carcinoma, NOS		no	Ablation or Embolization, NOS	no	Radiation Therapy, NOS	yes	Surgery, NOS	no	Pharmaceutical Therapy, NOS													G3	18687	1097				Hepatocellular carcinoma, NOS		no	Radiation Therapy, NOS	no	Ablation or Embolization, NOS											no	Organ Transplantation	yes	Surgery, NOS	no	Pharmaceutical Therapy, NOS																																																																							Adenomas and Adenocarcinomas	173088ed-6bc0-4ccf-80e7-c647028cccd6	Liver and intrahepatic bile ducts	TCGA-LIHC	TCGA-DD-AACM
18602ec8-aed1-4515-b0d1-0db6d1cbb2c4	-29752		not hispanic or latino	female	white	Alive						Basal cell carcinoma, NOS		no	Radiation Therapy, NOS	no	Pharmaceutical Therapy, NOS	yes	Surgery, NOS																30869	1117				Hepatocellular carcinoma, NOS		no	Surgery, NOS	no	Organ Transplantation											no	Radiation Therapy, NOS	yes	Ablation or Embolization, NOS	no	Pharmaceutical Therapy, NOS												29752	0	1168.0			Hepatocellular carcinoma, NOS		yes	Ablation, Microwave	no	Ablation or Embolization, NOS	yes	Surgery, NOS	no	Radiation Therapy, NOS	no	Pharmaceutical Therapy, NOS					G2	30869	1117				Hepatocellular carcinoma, NOS		no	Surgery, NOS	no	Radiation Therapy, NOS	no	Organ Transplantation	no	Pharmaceutical Therapy, NOS																							Adenomas and Adenocarcinomas	18602ec8-aed1-4515-b0d1-0db6d1cbb2c4	Liver and intrahepatic bile ducts	TCGA-LIHC	TCGA-2Y-A9H7
18c08546-bed3-4ed9-b223-479afe633c8e	-16835	596	not hispanic or latino	female	white	Dead	16996	161				Hepatocellular carcinoma, NOS		no	Radiation Therapy, NOS	no	Organ Transplantation	no	Pharmaceutical Therapy, NOS	no	Surgery, NOS	yes	Ablation or Embolization, NOS												16835	0	596.0			Hepatocellular carcinoma, NOS		no	Ablation or Embolization, NOS	no	Radiation Therapy, NOS											yes	Chemoembolization	yes	Surgery, NOS	no	Pharmaceutical Therapy, NOS											G2																																																												Adenomas and Adenocarcinomas	18c08546-bed3-4ed9-b223-479afe633c8e	Liver and intrahepatic bile ducts	TCGA-LIHC	TCGA-EP-A2KB
1943ff2c-ca53-4e3c-acc1-5ae84f4ba230	-14367	344	not hispanic or latino	female	asian	Dead	14367	0	344.0			Hepatocellular carcinoma, NOS		unknown	Ablation or Embolization, NOS	yes	Surgery, NOS	unknown	Radiation Therapy, NOS	unknown	Pharmaceutical Therapy, NOS													G3	14668	301				Hepatocellular carcinoma, NOS		no	Radiation Therapy, NOS	no	Organ Transplantation											no	Surgery, NOS	no	Ablation or Embolization, NOS	no	Pharmaceutical Therapy, NOS																																																																							Adenomas and Adenocarcinomas	1943ff2c-ca53-4e3c-acc1-5ae84f4ba230	Liver and intrahepatic bile ducts	TCGA-LIHC	TCGA-CC-A8HU
1983fade-44f1-41e0-8983-f2ce8d649655	-9426		not hispanic or latino	male	white	Alive	9426	0	989.0			Hepatocellular carcinoma, fibrolamellar		no	Radiation Therapy, NOS	no	Ablation or Embolization, NOS	no	Pharmaceutical Therapy, NOS	yes	Surgery, NOS													G2	10338	912				Hepatocellular carcinoma, fibrolamellar		no	Pharmaceutical Therapy, NOS	no	Radiation Therapy, NOS											yes	Surgery, NOS	no	Organ Transplantation	no	Ablation or Embolization, NOS																																																																							Adenomas and Adenocarcinomas	1983fade-44f1-41e0-8983-f2ce8d649655	Liver and intrahepatic bile ducts	TCGA-LIHC	TCGA-DD-A4NB
1987b453-f97d-45c7-9c89-b9a33313d645	-21414	639	not hispanic or latino	female	white	Dead	21414	0	639.0			Hepatocellular carcinoma, NOS		no	Radiation Therapy, NOS	no	Ablation or Embolization, NOS	yes	Pharmaceutical Therapy, NOS	not reported	Surgery, NOS													G2																																																																																																		Adenomas and Adenocarcinomas	1987b453-f97d-45c7-9c89-b9a33313d645	Liver and intrahepatic bile ducts	TCGA-LIHC	TCGA-PD-A5DF
1b1b1af0-b19b-4086-b1b7-669fa0b88235	-26857	14	not hispanic or latino	male	white	Dead	26857	0	14.0			Hepatocellular carcinoma, NOS		no	Radiation Therapy, NOS	no	Pharmaceutical Therapy, NOS	no	Ablation or Embolization, NOS	yes	Surgery, NOS													G2																																																																																																		Adenomas and Adenocarcinomas	1b1b1af0-b19b-4086-b1b7-669fa0b88235	Liver and intrahepatic bile ducts	TCGA-LIHC	TCGA-DD-A11B
1b326242-4be6-4f05-b5fb-07ed76b49850	-27626	31	not hispanic or latino	female	white	Dead	27626	0	31.0			Hepatocellular carcinoma, NOS		no	Ablation or Embolization, NOS	no	Pharmaceutical Therapy, NOS	no	Radiation Therapy, NOS	yes	Surgery, NOS													G2																																																																																																		Adenomas and Adenocarcinomas	1b326242-4be6-4f05-b5fb-07ed76b49850	Liver and intrahepatic bile ducts	TCGA-LIHC	TCGA-GJ-A6C0
1bcf1762-7926-45f6-a367-d45fc3af7bc3	-17781		not hispanic or latino	male	asian	Alive	18167	386				Hepatocellular carcinoma, NOS		no	Ablation or Embolization, NOS	no	Organ Transplantation	no	Surgery, NOS	yes	Radiation Therapy, NOS	no	Pharmaceutical Therapy, NOS												17781	0	587.0			Hepatocellular carcinoma, NOS		no	Pharmaceutical Therapy, NOS	no	Radiation Therapy, NOS											yes	Surgery, NOS	no	Ablation or Embolization, NOS													G3																																																												Adenomas and Adenocarcinomas	1bcf1762-7926-45f6-a367-d45fc3af7bc3	Liver and intrahepatic bile ducts	TCGA-LIHC	TCGA-DD-AADW
1c1e8987-676f-417b-b3b4-e0321367df55	-21165	394	not hispanic or latino	female	white	Dead	21165	0	394.0			Hepatocellular carcinoma, NOS		unknown	Pharmaceutical Therapy, NOS	unknown	Radiation Therapy, NOS	unknown	Ablation or Embolization, NOS	yes	Surgery, NOS													G3																																																																																																		Adenomas and Adenocarcinomas	1c1e8987-676f-417b-b3b4-e0321367df55	Liver and intrahepatic bile ducts	TCGA-LIHC	TCGA-DD-A1EF
1d7d5166-6582-4ea1-b242-37c2c3919a3c	-21544		hispanic or latino	male	white	Alive	21544	0	898.0			Hepatocellular carcinoma, NOS		no	Pharmaceutical Therapy, NOS	yes	Ablation or Embolization, NOS	yes	Surgery, NOS	yes	Radiation Therapy, NOS													G2	17671	-3873				Melanoma, NOS		no	Radiation Therapy, NOS	no	Pharmaceutical Therapy, NOS																												21894	350				Hepatocellular carcinoma, NOS		yes	Organ Transplantation	no	Surgery, NOS	no	Pharmaceutical Therapy, NOS	yes	Ablation or Embolization, NOS	no	Radiation Therapy, NOS																																											Adenomas and Adenocarcinomas	1d7d5166-6582-4ea1-b242-37c2c3919a3c	Liver and intrahepatic bile ducts	TCGA-LIHC	TCGA-XR-A8TG
1d880aea-9efe-4a43-8a6a-6a81801da9e0	-25863		not hispanic or latino	female	asian	Alive	25863	0	1066.0			Hepatocellular carcinoma, NOS		no	Radiation Therapy, NOS	no	Ablation or Embolization, NOS	yes	Surgery, NOS	no	Pharmaceutical Therapy, NOS													G3																																																																																																		Adenomas and Adenocarcinomas	1d880aea-9efe-4a43-8a6a-6a81801da9e0	Liver and intrahepatic bile ducts	TCGA-LIHC	TCGA-DD-AADJ
1e9f910c-82c0-4222-a62f-b656839307fc	-27145	693	hispanic or latino	male	white	Dead	27145	0	693.0			Hepatocellular carcinoma, NOS		no	Radiation Therapy, NOS	no	Pharmaceutical Therapy, NOS	yes	Surgery, NOS	no	Ablation or Embolization, NOS													G1	27376	231				Hepatocellular carcinoma, NOS		no	Pharmaceutical Therapy, NOS	no	Radiation Therapy, NOS											yes	Ablation or Embolization, NOS	no	Organ Transplantation	yes	Surgery, NOS												27376	231				Hepatocellular carcinoma, NOS		yes	Surgery, NOS	no	Pharmaceutical Therapy, NOS	no	Organ Transplantation	no	Radiation Therapy, NOS	no	Ablation or Embolization, NOS																																											Adenomas and Adenocarcinomas	1e9f910c-82c0-4222-a62f-b656839307fc	Liver and intrahepatic bile ducts	TCGA-LIHC	TCGA-XR-A8TF
1eacfcc0-1d05-4441-b3d8-b0790e1c40f1	-22476		not hispanic or latino	male	white	Alive	22534	58				Not Reported																							22476	0	359.0			Combined hepatocellular carcinoma and cholangiocarcinoma		yes	Surgery, NOS	no	Ablation or Embolization, NOS											yes	Pharmaceutical Therapy, NOS	no	Radiation Therapy, NOS	yes	Pharmaceutical Therapy, NOS											G2	22534	58				Combined hepatocellular carcinoma and cholangiocarcinoma																																																						Adenomas and Adenocarcinomas	1eacfcc0-1d05-4441-b3d8-b0790e1c40f1	Liver and intrahepatic bile ducts	TCGA-LIHC	TCGA-K7-AAU7
1f482810-433a-4d46-b81b-f7909fff8c09	-18794		not hispanic or latino	female	asian	Alive	18794	0	564.0			Hepatocellular carcinoma, NOS		yes	Surgery, NOS	no	Pharmaceutical Therapy, NOS	no	Radiation Therapy, NOS	no	Ablation or Embolization, NOS													G4	18921	127				Hepatocellular carcinoma, NOS		no	Organ Transplantation	no	Pharmaceutical Therapy, NOS											no	Radiation Therapy, NOS	no	Surgery, NOS	yes	Ablation or Embolization, NOS																																																																							Adenomas and Adenocarcinomas	1f482810-433a-4d46-b81b-f7909fff8c09	Liver and intrahepatic bile ducts	TCGA-LIHC	TCGA-DD-AAD1
20bb3855-66e2-46d4-b189-006b4b254c2e	-10828		not hispanic or latino	male	asian	Alive	11090	262				Hepatocellular carcinoma, NOS		no	Organ Transplantation	unknown	Pharmaceutical Therapy, NOS	no	Ablation or Embolization, NOS	no	Radiation Therapy, NOS	no	Surgery, NOS												10828	0	427.0			Hepatocellular carcinoma, NOS		unknown	Pharmaceutical Therapy, NOS	no	Radiation Therapy, NOS											no	Ablation or Embolization, NOS	yes	Surgery, NOS													G2																																																												Adenomas and Adenocarcinomas	20bb3855-66e2-46d4-b189-006b4b254c2e	Liver and intrahepatic bile ducts	TCGA-LIHC	TCGA-ED-A7XO
219b067c-522f-4971-b0d0-86f9971d369d	-25544	195	not hispanic or latino	male	asian	Dead	25627	83				Hepatocellular carcinoma, NOS		no	Pharmaceutical Therapy, NOS	no	Organ Transplantation	no	Radiation Therapy, NOS	yes	Ablation or Embolization, NOS	no	Surgery, NOS												25544	0	195.0			Hepatocellular carcinoma, NOS		no	Pharmaceutical Therapy, NOS	yes	Surgery, NOS											no	Radiation Therapy, NOS	no	Ablation or Embolization, NOS													G3																																																												Adenomas and Adenocarcinomas	219b067c-522f-4971-b0d0-86f9971d369d	Liver and intrahepatic bile ducts	TCGA-LIHC	TCGA-DD-AACH
22077056-067d-4db5-98e5-106778ceca56	-26403		not hispanic or latino	male	asian	Alive	26403	0	706.0			Hepatocellular carcinoma, NOS		no	Radiation Therapy, NOS	yes	Surgery, NOS	no	Ablation or Embolization, NOS	no	Pharmaceutical Therapy, NOS													G1																																																																																																		Adenomas and Adenocarcinomas	22077056-067d-4db5-98e5-106778ceca56	Liver and intrahepatic bile ducts	TCGA-LIHC	TCGA-ZP-A9CZ
220f75d7-08a4-4936-b4b2-0750e87ccdf5	-20985	217	not hispanic or latino	male	asian	Dead	20985	0	217.0			Hepatocellular carcinoma, NOS		yes	Surgery, NOS	unknown	Pharmaceutical Therapy, NOS	unknown	Radiation Therapy, NOS	unknown	Ablation or Embolization, NOS													G2	21154	169				Not Reported		no	Radiation Therapy, NOS	no	Pharmaceutical Therapy, NOS											no	Surgery, NOS	no	Ablation or Embolization, NOS	no	Organ Transplantation																																																																							Adenomas and Adenocarcinomas	220f75d7-08a4-4936-b4b2-0750e87ccdf5	Liver and intrahepatic bile ducts	TCGA-LIHC	TCGA-CC-A7IE
22dd3876-1f2c-4ddd-8fae-f5fb820993ba	-23284		not hispanic or latino	male	white	Alive	23284	0	698.0			Hepatocellular carcinoma, NOS		yes	Surgery, NOS	no	Radiation Therapy, NOS	no	Ablation or Embolization, NOS	no	Pharmaceutical Therapy, NOS													G2																																																																																																		Adenomas and Adenocarcinomas	22dd3876-1f2c-4ddd-8fae-f5fb820993ba	Liver and intrahepatic bile ducts	TCGA-LIHC	TCGA-MI-A75G
239b4298-b090-480a-a19f-9758a827aa30	-19055	452	not hispanic or latino	female	asian	Dead	19055	0	452.0			Hepatocellular carcinoma, NOS		yes	Surgery, NOS	no	Pharmaceutical Therapy, NOS	no	Radiation Therapy, NOS	no	Ablation or Embolization, NOS													G3	19410	355				Hepatocellular carcinoma, NOS		no	Pharmaceutical Therapy, NOS	no	Ablation or Embolization, NOS											no	Radiation Therapy, NOS	no	Surgery, NOS	no	Organ Transplantation																																																																							Adenomas and Adenocarcinomas	239b4298-b090-480a-a19f-9758a827aa30	Liver and intrahepatic bile ducts	TCGA-LIHC	TCGA-G3-A25Y
23d8e6a0-fa79-4323-a0a6-2dea2a319667	-17805	272	not hispanic or latino	male	asian	Dead	17980	175				Hepatocellular carcinoma, NOS		no	Surgery, NOS	no	Organ Transplantation	no	Ablation or Embolization, NOS	no	Radiation Therapy, NOS	no	Pharmaceutical Therapy, NOS												17805	0	272.0			Hepatocellular carcinoma, NOS		unknown	Pharmaceutical Therapy, NOS	unknown	Radiation Therapy, NOS											yes	Surgery, NOS	unknown	Ablation or Embolization, NOS													G2																																																												Adenomas and Adenocarcinomas	23d8e6a0-fa79-4323-a0a6-2dea2a319667	Liver and intrahepatic bile ducts	TCGA-LIHC	TCGA-CC-A5UE
24170a77-94e0-4002-9d3e-a46c84e84fca	-24941		not hispanic or latino	female	white	Alive	24941	0	693.0			Hepatocellular carcinoma, NOS		no	Radiation Therapy, NOS	yes	Surgery, NOS	no	Ablation or Embolization, NOS	no	Pharmaceutical Therapy, NOS													G1	25533	592				Hepatocellular carcinoma, NOS		no	Radiation Therapy, NOS	no	Organ Transplantation											no	Pharmaceutical Therapy, NOS	yes	Ablation or Embolization, NOS																																																																									Adenomas and Adenocarcinomas	24170a77-94e0-4002-9d3e-a46c84e84fca	Liver and intrahepatic bile ducts	TCGA-LIHC	TCGA-DD-A73D
24259d55-20ac-4359-861f-dcad7ad88cee	-21320		not hispanic or latino	male	white	Alive	21803	483				Hepatocellular carcinoma, NOS		no	Surgery, NOS	yes	Ablation or Embolization, NOS	no	Organ Transplantation	no	Radiation Therapy, NOS	no	Pharmaceutical Therapy, NOS												21320	0	744.0			Hepatocellular carcinoma, NOS		yes	Surgery, NOS	no	Pharmaceutical Therapy, NOS											yes	Ablation or Embolization, NOS	yes	Ablation, Radiofrequency	no	Radiation Therapy, NOS	yes	Chemoembolization									G1	21936	616				Hepatocellular carcinoma, NOS		no	Organ Transplantation	yes	Ablation or Embolization, NOS	no	Pharmaceutical Therapy, NOS	no	Surgery, NOS	no	Radiation Therapy, NOS																																											Adenomas and Adenocarcinomas	24259d55-20ac-4359-861f-dcad7ad88cee	Liver and intrahepatic bile ducts	TCGA-LIHC	TCGA-G3-A5SK
24b66729-242b-4771-819d-77c9a1fcbb10	-26781		not hispanic or latino	female	asian	Alive	26781	0	1219.0			Hepatocellular carcinoma, NOS		no	Ablation or Embolization, NOS	no	Pharmaceutical Therapy, NOS	yes	Surgery, NOS	no	Radiation Therapy, NOS													G2																																																																																																		Adenomas and Adenocarcinomas	24b66729-242b-4771-819d-77c9a1fcbb10	Liver and intrahepatic bile ducts	TCGA-LIHC	TCGA-DD-AAD8
25e893ad-a0fd-45ae-9aa9-9bcd7c2ec8e5	-21398		not hispanic or latino	male	white	Alive	21398	0	229.0			Hepatocellular carcinoma, NOS		no	Ablation or Embolization, NOS	no	Radiation Therapy, NOS	no	Pharmaceutical Therapy, NOS	yes	Surgery, NOS													G1																																																																																																		Adenomas and Adenocarcinomas	25e893ad-a0fd-45ae-9aa9-9bcd7c2ec8e5	Liver and intrahepatic bile ducts	TCGA-LIHC	TCGA-MR-A520
2681f83d-233f-4ea2-b5e6-3c05af81f123	-22205		not hispanic or latino	female	white	Alive	22205	0	632.0			Hepatocellular carcinoma, NOS		no	Ablation or Embolization, NOS	no	Radiation Therapy, NOS	yes	Surgery, NOS	no	Pharmaceutical Therapy, NOS													G3	22498	293				Hepatocellular carcinoma, NOS		no	Pharmaceutical Therapy, NOS	yes	Ablation or Embolization, NOS											no	Organ Transplantation	yes	Surgery, NOS	no	Radiation Therapy, NOS												22789	584				Hepatocellular carcinoma, NOS		no	Surgery, NOS	no	Pharmaceutical Therapy, NOS	no	Radiation Therapy, NOS	no	Ablation or Embolization, NOS	no	Organ Transplantation																																											Adenomas and Adenocarcinomas	2681f83d-233f-4ea2-b5e6-3c05af81f123	Liver and intrahepatic bile ducts	TCGA-LIHC	TCGA-G3-A7M6
26d93d77-ab66-45aa-a162-98d091221afb	-19698		not hispanic or latino	male	asian	Alive	19698	0	588.0			Hepatocellular carcinoma, NOS		no	Radiation Therapy, NOS	no	Ablation or Embolization, NOS	yes	Surgery, NOS	no	Pharmaceutical Therapy, NOS													G2																																																																																																		Adenomas and Adenocarcinomas	26d93d77-ab66-45aa-a162-98d091221afb	Liver and intrahepatic bile ducts	TCGA-LIHC	TCGA-RC-A7SB
2854ffe8-1f77-497a-bf49-11e0189fee35	-8573	415	not hispanic or latino	male	black or african american	Dead						Hepatocellular carcinoma, NOS		no	Radiation Therapy, NOS	no	Surgery, NOS	yes	Ablation or Embolization, NOS	no	Pharmaceutical Therapy, NOS	no	Organ Transplantation												8573	0	415.0			Hepatocellular carcinoma, NOS		yes	Ablation or Embolization, NOS	yes	Surgery, NOS											no	Pharmaceutical Therapy, NOS	yes	Chemoembolization	no	Radiation Therapy, NOS											G3																																																												Adenomas and Adenocarcinomas	2854ffe8-1f77-497a-bf49-11e0189fee35	Liver and intrahepatic bile ducts	TCGA-LIHC	TCGA-DD-A1EL
290890eb-321c-45dc-9cd1-45676c6e5e96	-21073		not hispanic or latino	male	white	Alive	21073	0	520.0			Hepatocellular carcinoma, NOS		yes	Surgery, NOS	no	Ablation or Embolization, NOS	no	Pharmaceutical Therapy, NOS	no	Radiation Therapy, NOS													G2																																																																																																		Adenomas and Adenocarcinomas	290890eb-321c-45dc-9cd1-45676c6e5e96	Liver and intrahepatic bile ducts	TCGA-LIHC	TCGA-5R-AA1C
2bea076b-c923-4a91-a37b-c6615fec021c	-21648		not hispanic or latino	female	asian	Alive	21648	0	406.0			Hepatocellular carcinoma, NOS		unknown	Pharmaceutical Therapy, NOS	no	Radiation Therapy, NOS	yes	Surgery, NOS	no	Ablation or Embolization, NOS													G3																																																																																																		Adenomas and Adenocarcinomas	2bea076b-c923-4a91-a37b-c6615fec021c	Liver and intrahepatic bile ducts	TCGA-LIHC	TCGA-ED-A8O5
2c041473-eaaa-4b7c-9b2e-b9da3543ad18			not hispanic or latino	male	asian	Alive						Hepatocellular carcinoma, NOS		no	Ablation or Embolization, NOS	no	Pharmaceutical Therapy, NOS	no	Radiation Therapy, NOS	yes	Surgery, NOS													G3																																																																																																		Adenomas and Adenocarcinomas	2c041473-eaaa-4b7c-9b2e-b9da3543ad18	Liver and intrahepatic bile ducts	TCGA-LIHC	TCGA-2V-A95S
2c53d48d-e3bc-49f3-bbe0-2eee24252b4c	-13255	315	not hispanic or latino	male	asian	Dead	13255	0	315.0			Hepatocellular carcinoma, NOS		no	Radiation Therapy, NOS	yes	Surgery, NOS	no	Ablation or Embolization, NOS	no	Pharmaceutical Therapy, NOS													G1	13515	260				Not Reported		no	Organ Transplantation	no	Surgery, NOS											no	Pharmaceutical Therapy, NOS	no	Ablation or Embolization, NOS	no	Radiation Therapy, NOS																																																																							Adenomas and Adenocarcinomas	2c53d48d-e3bc-49f3-bbe0-2eee24252b4c	Liver and intrahepatic bile ducts	TCGA-LIHC	TCGA-CC-A3MB
2c8a1e74-33de-453f-8d1e-e226185e52fc	-21848		not hispanic or latino	male	white	Alive	22156	308				Hepatocellular carcinoma, NOS		no	Pharmaceutical Therapy, NOS	no	Organ Transplantation	no	Surgery, NOS	yes	Ablation or Embolization, NOS	no	Radiation Therapy, NOS												21848	0	698.0			Hepatocellular carcinoma, NOS		no	Ablation or Embolization, NOS	yes	Surgery, NOS											yes	Ablation, Radiofrequency	no	Pharmaceutical Therapy, NOS	no	Radiation Therapy, NOS											G2																																																												Adenomas and Adenocarcinomas	2c8a1e74-33de-453f-8d1e-e226185e52fc	Liver and intrahepatic bile ducts	TCGA-LIHC	TCGA-G3-A5SJ
2d00f09f-0074-46c8-b357-b5f33567762a	-22702	91	not reported	male	not reported	Dead	22702	0	91.0			Hepatocellular carcinoma, NOS		no	Radiation Therapy, NOS	yes	Surgery, NOS	no	Ablation or Embolization, NOS	no	Pharmaceutical Therapy, NOS													G2																																																																																																		Adenomas and Adenocarcinomas	2d00f09f-0074-46c8-b357-b5f33567762a	Liver and intrahepatic bile ducts	TCGA-LIHC	TCGA-HP-A5MZ
2d1dc64d-27de-4c83-a7fa-88da5b48bf24	-27327		not hispanic or latino	female	white	Alive	27327	0	22.0			Hepatocellular carcinoma, NOS		unknown	Radiation Therapy, NOS	yes	Surgery, NOS	unknown	Pharmaceutical Therapy, NOS	no	Ablation or Embolization, NOS													G2																																																																																																		Adenomas and Adenocarcinomas	2d1dc64d-27de-4c83-a7fa-88da5b48bf24	Liver and intrahepatic bile ducts	TCGA-LIHC	TCGA-RC-A6M4
2f3d22ad-6917-4189-89d9-2a06c2d2de0a	-21509		not hispanic or latino	male	asian	Alive	21509	0	655.0			Hepatocellular carcinoma, NOS		no	Ablation or Embolization, NOS	no	Pharmaceutical Therapy, NOS	no	Radiation Therapy, NOS	yes	Surgery, NOS													G2																																																																																																		Adenomas and Adenocarcinomas	2f3d22ad-6917-4189-89d9-2a06c2d2de0a	Liver and intrahepatic bile ducts	TCGA-LIHC	TCGA-G3-A25Z
31a2ecc5-2d45-4823-8187-dc701dd412a8	-18768	1624	not hispanic or latino	male	white	Dead	19851	1083				Hepatocellular carcinoma, NOS		no	Surgery, NOS	no	Organ Transplantation	yes	Ablation or Embolization, NOS	no	Radiation Therapy, NOS	no	Pharmaceutical Therapy, NOS												18768	0	1624.0			Hepatocellular carcinoma, NOS		no	Radiation Therapy, NOS	yes	Chemoembolization											unknown	Ablation or Embolization, NOS	no	Pharmaceutical Therapy, NOS	yes	Surgery, NOS	yes	Radioembolization									G2																																																												Adenomas and Adenocarcinomas	31a2ecc5-2d45-4823-8187-dc701dd412a8	Liver and intrahepatic bile ducts	TCGA-LIHC	TCGA-2Y-A9GT
31c7d56b-4af7-4fdb-ba83-63bf615fcc3d	-20288		not hispanic or latino	male	asian	Alive	20288	0	1989.0			Hepatocellular carcinoma, NOS		yes	Surgery, NOS	no	Radiation Therapy, NOS	no	Pharmaceutical Therapy, NOS	no	Ablation or Embolization, NOS													G2																																																																																																		Adenomas and Adenocarcinomas	31c7d56b-4af7-4fdb-ba83-63bf615fcc3d	Liver and intrahepatic bile ducts	TCGA-LIHC	TCGA-DD-AAW1
32a98b3d-4cbd-4dcc-ac71-428fafc5e1c3	-15560		not hispanic or latino	male	asian	Alive	15651	91				Hepatocellular carcinoma, clear cell type		no	Radiation Therapy, NOS	no	Ablation or Embolization, NOS	yes	Pharmaceutical Therapy, NOS	no	Surgery, NOS	no	Organ Transplantation												15560	0	468.0			Hepatocellular carcinoma, clear cell type		no	Ablation or Embolization, NOS	no	Radiation Therapy, NOS											no	Pharmaceutical Therapy, NOS	yes	Surgery, NOS													G3																																																												Adenomas and Adenocarcinomas	32a98b3d-4cbd-4dcc-ac71-428fafc5e1c3	Liver and intrahepatic bile ducts	TCGA-LIHC	TCGA-RC-A7SH
34303cdd-c31c-4b95-9965-2a5513dc322d	-18797	296	not hispanic or latino	female	asian	Dead	18797	0	296.0			Hepatocellular carcinoma, NOS		no	Radiation Therapy, NOS	no	Ablation or Embolization, NOS	yes	Surgery, NOS	no	Pharmaceutical Therapy, NOS													G3																																																																																																		Adenomas and Adenocarcinomas	34303cdd-c31c-4b95-9965-2a5513dc322d	Liver and intrahepatic bile ducts	TCGA-LIHC	TCGA-ED-A66Y
34416be6-b6d6-4029-b899-9ba685e39590	-26465		not hispanic or latino	male	asian	Alive	26956	491				Hepatocellular carcinoma, NOS		no	Pharmaceutical Therapy, NOS	yes	Radiation Therapy, NOS	no	Surgery, NOS	no	Organ Transplantation	no	Ablation or Embolization, NOS												26465	0	1531.0			Hepatocellular carcinoma, NOS		yes	Ablation or Embolization, NOS	yes	Surgery, NOS											no	Radiation Therapy, NOS	no	Pharmaceutical Therapy, NOS	yes	Ablation, Radiofrequency											G2																																																												Adenomas and Adenocarcinomas	34416be6-b6d6-4029-b899-9ba685e39590	Liver and intrahepatic bile ducts	TCGA-LIHC	TCGA-DD-AAEI
3528dd91-1a6d-4d41-a3ee-829c857cc904	-31322	633	not hispanic or latino	female	white	Dead	31322	0	633.0			Hepatocellular carcinoma, NOS		no	Ablation or Embolization, NOS	yes	Surgery, NOS	yes	Chemotherapy	yes	Chemotherapy	no	Radiation Therapy, NOS	yes	Hormone Therapy									G2	31720	398				Hepatocellular carcinoma, NOS		no	Ablation or Embolization, NOS	yes	Pharmaceutical Therapy, NOS											no	Radiation Therapy, NOS	no	Organ Transplantation	no	Surgery, NOS																																																																							Adenomas and Adenocarcinomas	3528dd91-1a6d-4d41-a3ee-829c857cc904	Liver and intrahepatic bile ducts	TCGA-LIHC	TCGA-2Y-A9H8
357c1c08-f368-4cae-8f20-9be241b30479	-27930	2131	not hispanic or latino	female	white	Dead	27930	0	2131.0			Hepatocellular carcinoma, NOS		no	Ablation or Embolization, NOS	yes	Surgery, NOS	no	Radiation Therapy, NOS	no	Pharmaceutical Therapy, NOS													G1																																																																																																		Adenomas and Adenocarcinomas	357c1c08-f368-4cae-8f20-9be241b30479	Liver and intrahepatic bile ducts	TCGA-LIHC	TCGA-DD-A3A2
3837c8ac-6c9e-499b-a4e7-d42c870bcb49	-16702	304	not hispanic or latino	male	asian	Dead	16884	182				Hepatocellular carcinoma, NOS		no	Radiation Therapy, NOS	no	Ablation or Embolization, NOS	no	Surgery, NOS	no	Organ Transplantation	no	Pharmaceutical Therapy, NOS												16702	0	304.0			Hepatocellular carcinoma, NOS		unknown	Pharmaceutical Therapy, NOS	unknown	Ablation or Embolization, NOS											unknown	Radiation Therapy, NOS	yes	Surgery, NOS													G2																																																												Adenomas and Adenocarcinomas	3837c8ac-6c9e-499b-a4e7-d42c870bcb49	Liver and intrahepatic bile ducts	TCGA-LIHC	TCGA-CC-A5UD
396ef7c2-343e-4d5c-9b20-adc0a52c1978	-24525		not hispanic or latino	female	black or african american	Alive	24525	0	1091.0			Hepatocellular carcinoma, NOS		yes	Surgery, NOS	no	Pharmaceutical Therapy, NOS	no	Ablation or Embolization, NOS	no	Radiation Therapy, NOS													G1																																																																																																		Adenomas and Adenocarcinomas	396ef7c2-343e-4d5c-9b20-adc0a52c1978	Liver and intrahepatic bile ducts	TCGA-LIHC	TCGA-ZP-A9D0
39baf24a-4032-4c23-b3fe-2c50df1881f6	-18562	91	not hispanic or latino	male	asian	Dead	18562	0	91.0			Hepatocellular carcinoma, NOS		no	Radiation Therapy, NOS	no	Ablation or Embolization, NOS	yes	Chemotherapy	yes	Surgery, NOS													G3																																																																																																		Adenomas and Adenocarcinomas	39baf24a-4032-4c23-b3fe-2c50df1881f6	Liver and intrahepatic bile ducts	TCGA-LIHC	TCGA-BC-A10W
39e147c9-2acb-4ba8-a991-e43e1719b2d8	-12056	556	not hispanic or latino	female	white	Dead	12056	0	556.0			Hepatocellular carcinoma, NOS		no	Ablation or Embolization, NOS	yes	Chemotherapy	yes	Radiation, Internal	yes	Surgery, NOS													G2	12541	485				Hepatocellular carcinoma, NOS		no	Organ Transplantation	yes	Surgery, NOS																												12159	103				Hepatocellular carcinoma, NOS		no	Ablation or Embolization, NOS	no	Organ Transplantation	yes	Pharmaceutical Therapy, NOS	yes	Radiation Therapy, NOS	no	Surgery, NOS																																											Adenomas and Adenocarcinomas	39e147c9-2acb-4ba8-a991-e43e1719b2d8	Liver and intrahepatic bile ducts	TCGA-LIHC	TCGA-WX-AA47
39eb1db0-2722-4af4-8254-d0e10256c64d	-22462		not hispanic or latino	male	asian	Alive	22462	0	585.0			Hepatocellular carcinoma, NOS		yes	Surgery, NOS	no	Pharmaceutical Therapy, NOS	no	Ablation or Embolization, NOS	no	Radiation Therapy, NOS													G2																																																																																																		Adenomas and Adenocarcinomas	39eb1db0-2722-4af4-8254-d0e10256c64d	Liver and intrahepatic bile ducts	TCGA-LIHC	TCGA-G3-A3CK
3a2d7482-c246-411e-841f-71d96e353328	-19473		not hispanic or latino	male	asian	Alive	19473	0	780.0			Hepatocellular carcinoma, NOS		yes	Surgery, NOS	yes	Chemotherapy	no	Ablation or Embolization, NOS	no	Radiation Therapy, NOS													G2	20031	558				Hepatocellular carcinoma, NOS		no	Ablation or Embolization, NOS	no	Organ Transplantation											yes	Pharmaceutical Therapy, NOS	no	Radiation Therapy, NOS	no	Surgery, NOS												19589	116				Hepatocellular carcinoma, NOS		no	Ablation or Embolization, NOS	no	Radiation Therapy, NOS	no	Pharmaceutical Therapy, NOS	no	Organ Transplantation	yes	Surgery, NOS						19789	316				Hepatocellular carcinoma, NOS		yes	Surgery, NOS	no	Organ Transplantation	no	Pharmaceutical Therapy, NOS	no	Ablation or Embolization, NOS	no	Radiation Therapy, NOS								19879	406	Hepatocellular carcinoma, NOS	no	Radiation Therapy, NOS	no	Ablation or Embolization, NOS	no	Organ Transplantation	yes	Surgery, NOS	no	Pharmaceutical Therapy, NOS	Adenomas and Adenocarcinomas	3a2d7482-c246-411e-841f-71d96e353328	Liver and intrahepatic bile ducts	TCGA-LIHC	TCGA-G3-A3CH
3acf7438-fd65-442c-8a30-68b6714537f3	-17097		not hispanic or latino	male	asian	Alive	17097	0	183.0			Hepatocellular carcinoma, NOS		unknown	Ablation or Embolization, NOS	unknown	Pharmaceutical Therapy, NOS	unknown	Radiation Therapy, NOS	yes	Surgery, NOS													G2																																																																																																		Adenomas and Adenocarcinomas	3acf7438-fd65-442c-8a30-68b6714537f3	Liver and intrahepatic bile ducts	TCGA-LIHC	TCGA-DD-A1EI
3c51fee0-da54-40e9-a954-dfe30f6f075c	-20396		not hispanic or latino	male	asian	Alive	20396	0	810.0			Hepatocellular carcinoma, NOS		no	Ablation or Embolization, NOS	yes	Radiation, External Beam	yes	Chemoembolization	yes	Chemoembolization	yes	Surgery, NOS	yes	Chemoembolization	no	Pharmaceutical Therapy, NOS							G4	20620	224				Hepatocellular carcinoma, NOS		yes	Surgery, NOS	no	Organ Transplantation											yes	Ablation or Embolization, NOS	no	Pharmaceutical Therapy, NOS	no	Radiation Therapy, NOS												20620	224				Hepatocellular carcinoma, NOS		no	Surgery, NOS	no	Ablation or Embolization, NOS	no	Pharmaceutical Therapy, NOS	yes	Radiation Therapy, NOS	no	Organ Transplantation																																											Adenomas and Adenocarcinomas	3c51fee0-da54-40e9-a954-dfe30f6f075c	Liver and intrahepatic bile ducts	TCGA-LIHC	TCGA-DD-AAEE
3c969bdf-cae8-44f5-839f-5abd4cba0ec8	-18271		not hispanic or latino	male	asian	Alive	18271	0	566.0			Hepatocellular carcinoma, NOS		no	Ablation or Embolization, NOS	yes	Surgery, NOS	no	Pharmaceutical Therapy, NOS	no	Radiation Therapy, NOS													G2																																																																																																		Adenomas and Adenocarcinomas	3c969bdf-cae8-44f5-839f-5abd4cba0ec8	Liver and intrahepatic bile ducts	TCGA-LIHC	TCGA-DD-AAE3
3da3cfec-5464-4dd8-9757-a0cdfe3536f8	-24355	107	not hispanic or latino	female	asian	Dead	24355	0	107.0			Hepatocellular carcinoma, NOS		no	Ablation or Embolization, NOS	no	Radiation Therapy, NOS	no	Pharmaceutical Therapy, NOS	yes	Surgery, NOS													G3																																																																																																		Adenomas and Adenocarcinomas	3da3cfec-5464-4dd8-9757-a0cdfe3536f8	Liver and intrahepatic bile ducts	TCGA-LIHC	TCGA-DD-AACL
3dc48ea9-a3c6-437f-af5a-88feb300cc5f	-19140	770	not hispanic or latino	female	white	Dead	19140	0	770.0			Hepatocellular carcinoma, NOS		no	Radiation Therapy, NOS	no	Ablation or Embolization, NOS	yes	Surgery, NOS	no	Pharmaceutical Therapy, NOS													G2																																																																																																		Adenomas and Adenocarcinomas	3dc48ea9-a3c6-437f-af5a-88feb300cc5f	Liver and intrahepatic bile ducts	TCGA-LIHC	TCGA-BC-A10X
3dd7c93d-8194-44ee-8014-10dd81ef6441	-14231	366	not hispanic or latino	female	white	Dead	14231	0	366.0			Hepatocellular carcinoma, NOS		yes	Surgery, NOS	unknown	Pharmaceutical Therapy, NOS	unknown	Radiation Therapy, NOS	unknown	Ablation or Embolization, NOS													G2																																																																																																		Adenomas and Adenocarcinomas	3dd7c93d-8194-44ee-8014-10dd81ef6441	Liver and intrahepatic bile ducts	TCGA-LIHC	TCGA-FV-A3R3
3e1920b3-3bd4-4506-a0cf-567257154bcf	-23587	1271	not hispanic or latino	male	white	Dead	24816	1229				Hepatocellular carcinoma, NOS		no	Radiation Therapy, NOS	no	Ablation or Embolization, NOS	no	Pharmaceutical Therapy, NOS	no	Surgery, NOS	no	Organ Transplantation												23587	0	1271.0			Hepatocellular carcinoma, NOS		no	Ablation or Embolization, NOS	no	Pharmaceutical Therapy, NOS											no	Radiation Therapy, NOS	yes	Surgery, NOS													G2																																																												Adenomas and Adenocarcinomas	3e1920b3-3bd4-4506-a0cf-567257154bcf	Liver and intrahepatic bile ducts	TCGA-LIHC	TCGA-2Y-A9GW
3f6a6891-c6d5-447b-ad32-325fd46ec32b	-20100		not hispanic or latino	male	white	Alive	20100	0	341.0			Hepatocellular carcinoma, NOS		no	Pharmaceutical Therapy, NOS	no	Ablation or Embolization, NOS	yes	Surgery, NOS	no	Radiation Therapy, NOS													G2																																																																																																		Adenomas and Adenocarcinomas	3f6a6891-c6d5-447b-ad32-325fd46ec32b	Liver and intrahepatic bile ducts	TCGA-LIHC	TCGA-ZS-A9CG
4012ea90-5768-4acc-af3a-ba954f493db4	-23865		not hispanic or latino	female	white	Alive	24026	161				Hepatocellular carcinoma, NOS		yes	Pharmaceutical Therapy, NOS	no	Ablation or Embolization, NOS	no	Radiation Therapy, NOS	no	Organ Transplantation	no	Surgery, NOS												23865	0	917.0			Hepatocellular carcinoma, NOS		no	Ablation or Embolization, NOS	yes	Chemotherapy											yes	Surgery, NOS	no	Radiation Therapy, NOS													G3																																																												Adenomas and Adenocarcinomas	4012ea90-5768-4acc-af3a-ba954f493db4	Liver and intrahepatic bile ducts	TCGA-LIHC	TCGA-DD-A4NH
4100fd8b-cf37-4e63-a73d-95c9c392d606	-19527	425	not hispanic or latino	male	asian	Dead	19628	101				Hepatocellular carcinoma, NOS		no	Pharmaceutical Therapy, NOS	no	Surgery, NOS	yes	Ablation or Embolization, NOS	no	Radiation Therapy, NOS	no	Organ Transplantation												19527	0	425.0			Hepatocellular carcinoma, NOS		no	Radiation Therapy, NOS	no	Ablation or Embolization, NOS											yes	Surgery, NOS	no	Pharmaceutical Therapy, NOS													G3																																																												Adenomas and Adenocarcinomas	4100fd8b-cf37-4e63-a73d-95c9c392d606	Liver and intrahepatic bile ducts	TCGA-LIHC	TCGA-DD-AADC
418e79d1-51c7-4cef-a1b6-e291fb13c2a5	-24185		not hispanic or latino	male	asian	Alive	24185	0	672.0			Hepatocellular carcinoma, NOS		no	Radiation Therapy, NOS	no	Pharmaceutical Therapy, NOS	yes	Surgery, NOS	no	Ablation or Embolization, NOS													G3	24235	50				Hepatocellular carcinoma, NOS		no	Radiation Therapy, NOS	yes	Ablation or Embolization, NOS											no	Organ Transplantation	no	Surgery, NOS	no	Pharmaceutical Therapy, NOS																																																																							Adenomas and Adenocarcinomas	418e79d1-51c7-4cef-a1b6-e291fb13c2a5	Liver and intrahepatic bile ducts	TCGA-LIHC	TCGA-DD-AAD6
41fb30aa-63b4-4cc6-a275-b77048612fa0	-17828	381	not hispanic or latino	male	asian	Dead	17828	0	381.0			Hepatocellular carcinoma, NOS		no	Ablation or Embolization, NOS	no	Radiation Therapy, NOS	no	Pharmaceutical Therapy, NOS	yes	Surgery, NOS													G4	17979	151				Hepatocellular carcinoma, NOS		no	Pharmaceutical Therapy, NOS	yes	Radiation Therapy, NOS											no	Surgery, NOS	no	Organ Transplantation	yes	Ablation or Embolization, NOS																																																																							Adenomas and Adenocarcinomas	41fb30aa-63b4-4cc6-a275-b77048612fa0	Liver and intrahepatic bile ducts	TCGA-LIHC	TCGA-DD-AACD
420dc176-e9a8-484b-bfa3-1b84e039c26b	-27162		not hispanic or latino	male	white	Alive	27162	0	799.0			Hepatocellular carcinoma, NOS		no	Radiation Therapy, NOS	yes	Surgery, NOS	no	Ablation or Embolization, NOS	no	Pharmaceutical Therapy, NOS													G3																																																																																																		Adenomas and Adenocarcinomas	420dc176-e9a8-484b-bfa3-1b84e039c26b	Liver and intrahepatic bile ducts	TCGA-LIHC	TCGA-NI-A8LF
4244912d-8527-410c-a084-a56c55eb1f82	-23656		not hispanic or latino	female	white	Alive	23656	0	395.0			Hepatocellular carcinoma, NOS		no	Ablation or Embolization, NOS	no	Radiation Therapy, NOS	yes	Surgery, NOS	no	Pharmaceutical Therapy, NOS													G1																																																																																																		Adenomas and Adenocarcinomas	4244912d-8527-410c-a084-a56c55eb1f82	Liver and intrahepatic bile ducts	TCGA-LIHC	TCGA-ZP-A9D4
427fdbf8-1603-466f-a5c6-963bb2ec3dac	-26568		not hispanic or latino	male	asian	Alive	26544	-24				Tubular adenocarcinoma		no	Pharmaceutical Therapy, NOS	yes	Surgery, NOS	no	Radiation Therapy, NOS																26568	0	644.0			Hepatocellular carcinoma, NOS		no	Radiation Therapy, NOS	no	Pharmaceutical Therapy, NOS											no	Ablation or Embolization, NOS	yes	Surgery, NOS													G2																																																												Adenomas and Adenocarcinomas	427fdbf8-1603-466f-a5c6-963bb2ec3dac	Liver and intrahepatic bile ducts	TCGA-LIHC	TCGA-DD-AAE7
42cb60f0-1a9e-4f59-8e2e-50c25e85cb98	-15930	601	not reported	female	not reported	Dead	15930	0	601.0			Hepatocellular carcinoma, NOS		yes	Surgery, NOS	unknown	Pharmaceutical Therapy, NOS	unknown	Radiation Therapy, NOS	unknown	Ablation or Embolization, NOS													G2																																																																																																		Adenomas and Adenocarcinomas	42cb60f0-1a9e-4f59-8e2e-50c25e85cb98	Liver and intrahepatic bile ducts	TCGA-LIHC	TCGA-DD-A39Z
431a72e1-ea03-4e40-89c4-2f02d454c897	-24329		not hispanic or latino	male	asian	Alive	24329	0	170.0			Hepatocellular carcinoma, NOS		yes	Surgery, NOS	no	Pharmaceutical Therapy, NOS	no	Ablation or Embolization, NOS	no	Radiation Therapy, NOS													G3	24371	42				Hepatocellular carcinoma, NOS		no	Organ Transplantation	no	Radiation Therapy, NOS											yes	Pharmaceutical Therapy, NOS	no	Ablation or Embolization, NOS	no	Surgery, NOS																																																																							Adenomas and Adenocarcinomas	431a72e1-ea03-4e40-89c4-2f02d454c897	Liver and intrahepatic bile ducts	TCGA-LIHC	TCGA-DD-AACX
440375d7-cdcd-418a-8992-0a8ca42d290d	-19214	627	not hispanic or latino	female	white	Dead	19214	0	627.0			Hepatocellular carcinoma, NOS		no	Ablation or Embolization, NOS	yes	Targeted Molecular Therapy	no	Radiation Therapy, NOS	yes	Surgery, NOS													G3	19507	293				Hepatocellular carcinoma, NOS		yes	Pharmaceutical Therapy, NOS	no	Ablation or Embolization, NOS											no	Organ Transplantation	no	Radiation Therapy, NOS	no	Surgery, NOS												19647	433				Hepatocellular carcinoma, NOS		no	Pharmaceutical Therapy, NOS	yes	Radiation Therapy, NOS	no	Ablation or Embolization, NOS	yes	Surgery, NOS	no	Organ Transplantation																																											Adenomas and Adenocarcinomas	440375d7-cdcd-418a-8992-0a8ca42d290d	Liver and intrahepatic bile ducts	TCGA-LIHC	TCGA-EP-A2KA
447ac9e3-0533-461a-bc92-906a7b2180c3	-20584		not hispanic or latino	female	white	Alive	20584	0	21.0			Hepatocellular carcinoma, NOS		no	Pharmaceutical Therapy, NOS	no	Ablation or Embolization, NOS	yes	Surgery, NOS	no	Radiation Therapy, NOS													G2	17916	-2668				Clear cell carcinoma		no	Pharmaceutical Therapy, NOS	yes	Surgery, NOS											no	Radiation Therapy, NOS																																																																											Adenomas and Adenocarcinomas	447ac9e3-0533-461a-bc92-906a7b2180c3	Liver and intrahepatic bile ducts	TCGA-LIHC	TCGA-ZP-A9D1
457cca7c-a8b4-414e-a3c0-7fccf0ee2034	-23526	931	not hispanic or latino	female	white	Dead	23815	289				Hepatocellular carcinoma, NOS		unknown	Pharmaceutical Therapy, NOS	unknown	Radiation Therapy, NOS	no	Surgery, NOS	unknown	Ablation or Embolization, NOS														23526	0	931.0			Hepatocellular carcinoma, NOS		unknown	Pharmaceutical Therapy, NOS	unknown	Ablation or Embolization, NOS											unknown	Radiation Therapy, NOS	yes	Surgery, NOS													G2																																																												Adenomas and Adenocarcinomas	457cca7c-a8b4-414e-a3c0-7fccf0ee2034	Liver and intrahepatic bile ducts	TCGA-LIHC	TCGA-DD-A3A9
45b566d7-f120-471c-a94a-be7936889f2d	-19697	2542	not reported	male	white	Dead	19697	0	2542.0			Hepatocellular carcinoma, NOS		yes	Surgery, NOS	yes	Chemoembolization	yes	Chemoembolization	yes	Ablation, Ethanol Injection	yes	Chemoembolization	yes	Chemotherapy	no	Radiation Therapy, NOS	yes	Chemoembolization	no	Ablation or Embolization, NOS			G2	20166	469				Hepatocellular carcinoma, NOS		no	Radiation Therapy, NOS	no	Organ Transplantation											no	Surgery, NOS	yes	Ablation or Embolization, NOS	yes	Pharmaceutical Therapy, NOS																																																																							Adenomas and Adenocarcinomas	45b566d7-f120-471c-a94a-be7936889f2d	Liver and intrahepatic bile ducts	TCGA-LIHC	TCGA-DD-A115
45f00f00-d793-4dca-aeb9-7626d4575c90	-25020	67	not hispanic or latino	male	white	Dead	25020	0	67.0			Hepatocellular carcinoma, NOS		no	Pharmaceutical Therapy, NOS	no	Radiation Therapy, NOS	no	Ablation or Embolization, NOS	yes	Surgery, NOS													G2																																																																																																		Adenomas and Adenocarcinomas	45f00f00-d793-4dca-aeb9-7626d4575c90	Liver and intrahepatic bile ducts	TCGA-LIHC	TCGA-GJ-A9DB
4774367c-5d8f-4b23-934a-e6d33a89dca8	-26949		not hispanic or latino	female	white	Alive	26949	0	3478.0			Hepatocellular carcinoma, NOS		no	Radiation Therapy, NOS	no	Ablation or Embolization, NOS	no	Pharmaceutical Therapy, NOS	yes	Surgery, NOS													G3																																																																																																		Adenomas and Adenocarcinomas	4774367c-5d8f-4b23-934a-e6d33a89dca8	Liver and intrahepatic bile ducts	TCGA-LIHC	TCGA-DD-A73G
477affb9-7c8b-4895-a4f3-6cc6ef8ec5e4	-24020	46	not hispanic or latino	female	white	Dead	24020	0	46.0			Hepatocellular carcinoma, NOS		no	Pharmaceutical Therapy, NOS	no	Radiation Therapy, NOS	no	Ablation or Embolization, NOS	yes	Surgery, NOS													G2																																																																																																		Adenomas and Adenocarcinomas	477affb9-7c8b-4895-a4f3-6cc6ef8ec5e4	Liver and intrahepatic bile ducts	TCGA-LIHC	TCGA-5R-AAAM
485d283a-552c-485a-84fb-3abdb98dc797	-21756		not hispanic or latino	male	asian	Alive	21756	0	436.0			Hepatocellular carcinoma, NOS		yes	Surgery, NOS	no	Radiation Therapy, NOS	no	Pharmaceutical Therapy, NOS	no	Ablation or Embolization, NOS													G3																																																																																																		Adenomas and Adenocarcinomas	485d283a-552c-485a-84fb-3abdb98dc797	Liver and intrahepatic bile ducts	TCGA-LIHC	TCGA-DD-AADQ
48d33449-b969-423a-b4e7-541809109617	-10699	827	not hispanic or latino	female	white	Dead	10699	0	827.0			Hepatocellular carcinoma, NOS		unknown	Radiation Therapy, NOS	yes	Surgery, NOS	unknown	Ablation or Embolization, NOS	unknown	Pharmaceutical Therapy, NOS													G2																																																																																																		Adenomas and Adenocarcinomas	48d33449-b969-423a-b4e7-541809109617	Liver and intrahepatic bile ducts	TCGA-LIHC	TCGA-DD-A39W
491a3734-dcb8-4779-b098-0b5567f13f87			not hispanic or latino	female	white	Alive		0	30.0			Hepatocellular carcinoma, NOS		no	Pharmaceutical Therapy, NOS	no	Ablation or Embolization, NOS	no	Radiation Therapy, NOS	yes	Surgery, NOS													G3																																																																																																		Adenomas and Adenocarcinomas	491a3734-dcb8-4779-b098-0b5567f13f87	Liver and intrahepatic bile ducts	TCGA-LIHC	TCGA-WQ-A9G7
492ff93f-432b-4b73-8706-632fb2c83eb4	-18109		hispanic or latino	male	white	Alive	18109	0	3675.0			Hepatocellular carcinoma, NOS		no	Radiation Therapy, NOS	yes	Surgery, NOS	no	Ablation or Embolization, NOS	no	Pharmaceutical Therapy, NOS													G1																																																																																																		Adenomas and Adenocarcinomas	492ff93f-432b-4b73-8706-632fb2c83eb4	Liver and intrahepatic bile ducts	TCGA-LIHC	TCGA-2Y-A9H0
496beef9-80d9-4734-a23d-334ae1b6aaab	-26322	16	not hispanic or latino	male	asian	Dead	26322	0	16.0			Hepatocellular carcinoma, NOS		no	Pharmaceutical Therapy, NOS	no	Radiation Therapy, NOS	no	Ablation or Embolization, NOS	yes	Surgery, NOS													G3																																																																																																		Adenomas and Adenocarcinomas	496beef9-80d9-4734-a23d-334ae1b6aaab	Liver and intrahepatic bile ducts	TCGA-LIHC	TCGA-DD-AAC8
4b0e544c-4090-4ebb-b3e5-2623aa91356c	-20914		not reported	male	Unknown	Alive	20914	0	906.0			Hepatocellular carcinoma, NOS		no	Radiation Therapy, NOS	no	Pharmaceutical Therapy, NOS	no	Ablation or Embolization, NOS	yes	Surgery, NOS													G1																																																																																																		Adenomas and Adenocarcinomas	4b0e544c-4090-4ebb-b3e5-2623aa91356c	Liver and intrahepatic bile ducts	TCGA-LIHC	TCGA-KR-A7K8
4bbdbe77-f3cb-4b64-9826-72debb734784	-22968		not reported	female	white	Alive	22968	0	1351.0			Hepatocellular carcinoma, NOS		no	Pharmaceutical Therapy, NOS	no	Radiation Therapy, NOS	no	Ablation or Embolization, NOS	yes	Surgery, NOS													G2																																																																																																		Adenomas and Adenocarcinomas	4bbdbe77-f3cb-4b64-9826-72debb734784	Liver and intrahepatic bile ducts	TCGA-LIHC	TCGA-BC-A216
4c78b999-4797-4e19-8bc5-9ffd01cf768a	-18300		not hispanic or latino	male	asian	Alive	18300	0	574.0			Hepatocellular carcinoma, NOS		no	Pharmaceutical Therapy, NOS	no	Ablation or Embolization, NOS	yes	Surgery, NOS	no	Radiation Therapy, NOS													G3	17839	-461				Adenocarcinoma, NOS		no	Pharmaceutical Therapy, NOS	no	Radiation Therapy, NOS											yes	Surgery, NOS																																																																											Adenomas and Adenocarcinomas	4c78b999-4797-4e19-8bc5-9ffd01cf768a	Liver and intrahepatic bile ducts	TCGA-LIHC	TCGA-DD-AADV
516c8594-2973-41e5-a5ce-76d177edfa48	-16708	535	not hispanic or latino	male	asian	Dead	16708	0	535.0			Hepatocellular carcinoma, NOS		unknown	Ablation or Embolization, NOS	unknown	Radiation Therapy, NOS	yes	Surgery, NOS	unknown	Pharmaceutical Therapy, NOS													G2																																																																																																		Adenomas and Adenocarcinomas	516c8594-2973-41e5-a5ce-76d177edfa48	Liver and intrahepatic bile ducts	TCGA-LIHC	TCGA-DD-A3A3
51810579-e20d-4f08-93e7-891d645931db	-21818	555	not hispanic or latino	female	white	Dead	21818	0	555.0			Hepatocellular carcinoma, NOS		no	Radiation Therapy, NOS	no	Ablation or Embolization, NOS	yes	Surgery, NOS	no	Pharmaceutical Therapy, NOS													G3	22076	258				Hepatocellular carcinoma, NOS		no	Ablation or Embolization, NOS	no	Surgery, NOS											no	Pharmaceutical Therapy, NOS	no	Radiation Therapy, NOS	no	Organ Transplantation																																																																							Adenomas and Adenocarcinomas	51810579-e20d-4f08-93e7-891d645931db	Liver and intrahepatic bile ducts	TCGA-LIHC	TCGA-2Y-A9H5
518aa9cc-71cf-4734-9d55-b435da99d300	-24516		not hispanic or latino	male	white	Alive	22862	-1654				Adenocarcinoma, NOS		yes	Pharmaceutical Therapy, NOS	yes	Surgery, NOS	yes	Pharmaceutical Therapy, NOS	no	Radiation Therapy, NOS														24516	0	816.0			Hepatocellular carcinoma, NOS		no	Radiation Therapy, NOS	no	Pharmaceutical Therapy, NOS											no	Ablation or Embolization, NOS	yes	Surgery, NOS													G2																																																												Adenomas and Adenocarcinomas	518aa9cc-71cf-4734-9d55-b435da99d300	Liver and intrahepatic bile ducts	TCGA-LIHC	TCGA-DD-A4NI
52292ffc-0902-4d97-b461-20723987a177	-26009	1005	not hispanic or latino	female	white	Dead	26009	0	1005.0			Hepatocellular carcinoma, NOS		yes	Chemoembolization	yes	Radioembolization	no	Ablation or Embolization, NOS	yes	Radioembolization	yes	Surgery, NOS	yes	Chemotherapy	yes	Chemoembolization	no	Radiation Therapy, NOS	yes	Chemoembolization			G2	26272	263				Hepatocellular carcinoma, NOS		yes	Ablation or Embolization, NOS	yes	Pharmaceutical Therapy, NOS											no	Surgery, NOS	no	Organ Transplantation	no	Radiation Therapy, NOS																																																																							Adenomas and Adenocarcinomas	52292ffc-0902-4d97-b461-20723987a177	Liver and intrahepatic bile ducts	TCGA-LIHC	TCGA-DD-A1EJ
527d2bc3-7fdd-4b08-839d-67e2f246db04	-18722		not hispanic or latino	male	asian	Alive	18722	0	763.0			Hepatocellular carcinoma, NOS		no	Pharmaceutical Therapy, NOS	yes	Surgery, NOS	yes	Ablation, Radiofrequency	yes	Chemoembolization	no	Radiation Therapy, NOS	yes	Chemoembolization	yes	Ablation, Radiofrequency	no	Ablation or Embolization, NOS	yes	Chemoembolization	yes	Ablation, Radiofrequency	G3	18920	198				Hepatocellular carcinoma, NOS		yes	Ablation or Embolization, NOS	no	Pharmaceutical Therapy, NOS											no	Organ Transplantation	no	Radiation Therapy, NOS	no	Surgery, NOS																																																																							Adenomas and Adenocarcinomas	527d2bc3-7fdd-4b08-839d-67e2f246db04	Liver and intrahepatic bile ducts	TCGA-LIHC	TCGA-DD-AAED
52a7f734-da07-49c5-861d-c70da37ff959	-31386	9	not hispanic or latino	female	white	Dead	31386	0	9.0			Hepatocellular carcinoma, NOS		no	Ablation or Embolization, NOS	yes	Surgery, NOS	no	Pharmaceutical Therapy, NOS	no	Radiation Therapy, NOS													G3																																																																																																		Adenomas and Adenocarcinomas	52a7f734-da07-49c5-861d-c70da37ff959	Liver and intrahepatic bile ducts	TCGA-LIHC	TCGA-DD-A4NR
534a7b11-3abd-4581-a9c9-d984d6aa33a0	-17453	299	not hispanic or latino	male	asian	Dead	17453	0	299.0			Hepatocellular carcinoma, NOS		yes	Surgery, NOS	unknown	Radiation Therapy, NOS	unknown	Ablation or Embolization, NOS	unknown	Pharmaceutical Therapy, NOS													G2	17648	195				Hepatocellular carcinoma, NOS		no	Organ Transplantation	no	Surgery, NOS											no	Radiation Therapy, NOS	no	Ablation or Embolization, NOS	no	Pharmaceutical Therapy, NOS																																																																							Adenomas and Adenocarcinomas	534a7b11-3abd-4581-a9c9-d984d6aa33a0	Liver and intrahepatic bile ducts	TCGA-LIHC	TCGA-CC-A7IG
5436fafb-bc16-4450-ac8b-568e1e5ee5fe	-23654		hispanic or latino	female	white	Alive	23900	246				Hepatocellular carcinoma, NOS		yes	Ablation or Embolization, NOS	yes	Radiation Therapy, NOS	no	Organ Transplantation	yes	Pharmaceutical Therapy, NOS														23654	0	615.0			Hepatocellular carcinoma, NOS		yes	Radiation, Internal	yes	Radioembolization											yes	Targeted Molecular Therapy	yes	Ablation or Embolization, NOS	yes	Surgery, NOS											G3																																																												Adenomas and Adenocarcinomas	5436fafb-bc16-4450-ac8b-568e1e5ee5fe	Liver and intrahepatic bile ducts	TCGA-LIHC	TCGA-WX-AA44
5449c232-56f1-4e03-9421-aba3ae180107	-26390	283	hispanic or latino	female	white	Dead	26630	240				Hepatocellular carcinoma, NOS		no	Ablation or Embolization, NOS	no	Surgery, NOS	no	Organ Transplantation	no	Pharmaceutical Therapy, NOS	no	Radiation Therapy, NOS												26390	0	283.0			Hepatocellular carcinoma, NOS		no	Ablation or Embolization, NOS	yes	Surgery, NOS											no	Pharmaceutical Therapy, NOS	no	Radiation Therapy, NOS													G2																																																												Adenomas and Adenocarcinomas	5449c232-56f1-4e03-9421-aba3ae180107	Liver and intrahepatic bile ducts	TCGA-LIHC	TCGA-DD-A73B
56403463-1727-4c23-a709-de5f168c4073	-17402		not hispanic or latino	male	asian	Alive	17402	0	910.0			Hepatocellular carcinoma, NOS		yes	Radiation, External Beam	yes	Surgery, NOS	yes	Ancillary Treatment	unknown	Ablation or Embolization, NOS													G2																																																																																																		Adenomas and Adenocarcinomas	56403463-1727-4c23-a709-de5f168c4073	Liver and intrahepatic bile ducts	TCGA-LIHC	TCGA-ED-A459
56447eb8-c50c-4e31-a29e-bde6bfd31af4	-18695		not hispanic or latino	male	asian	Alive	18695	0	638.0			Hepatocellular carcinoma, NOS		no	Ablation or Embolization, NOS	no	Radiation Therapy, NOS	no	Pharmaceutical Therapy, NOS	yes	Surgery, NOS													G3																																																																																																		Adenomas and Adenocarcinomas	56447eb8-c50c-4e31-a29e-bde6bfd31af4	Liver and intrahepatic bile ducts	TCGA-LIHC	TCGA-DD-AAE2
564b4f4d-3c18-40d5-9d95-916774df600c	-25254		not hispanic or latino	male	asian	Alive	25254	0	1633.0			Hepatocellular carcinoma, NOS		no	Radiation Therapy, NOS	no	Ablation or Embolization, NOS	yes	Surgery, NOS	no	Pharmaceutical Therapy, NOS													G2																																																																																																		Adenomas and Adenocarcinomas	564b4f4d-3c18-40d5-9d95-916774df600c	Liver and intrahepatic bile ducts	TCGA-LIHC	TCGA-DD-AAW3
56a82a56-0241-4d3d-9de2-696b0c36df91	-9809		hispanic or latino	female	white	Alive	9911	102				Hepatocellular carcinoma, NOS		yes	Pharmaceutical Therapy, NOS	no	Surgery, NOS	no	Ablation or Embolization, NOS	no	Organ Transplantation	no	Radiation Therapy, NOS												9809	0	102.0			Hepatocellular carcinoma, NOS		no	Radiation Therapy, NOS	yes	Chemotherapy											no	Ablation or Embolization, NOS	not reported	Surgery, NOS													G3																																																												Adenomas and Adenocarcinomas	56a82a56-0241-4d3d-9de2-696b0c36df91	Liver and intrahepatic bile ducts	TCGA-LIHC	TCGA-BW-A5NP
56abd1c1-8f22-4856-8b0a-73d7e092bdb3	-29712	410	not hispanic or latino	female	white	Dead	29712	0	410.0			Combined hepatocellular carcinoma and cholangiocarcinoma		yes	Surgery, NOS	no	Radiation Therapy, NOS	no	Ablation or Embolization, NOS	no	Pharmaceutical Therapy, NOS													G4																																																																																																		Adenomas and Adenocarcinomas	56abd1c1-8f22-4856-8b0a-73d7e092bdb3	Liver and intrahepatic bile ducts	TCGA-LIHC	TCGA-DD-AA3A
574ba00b-fee6-4aab-ac01-6ffaf8fdc0c5	-17908		hispanic or latino	female	white	Alive	17908	0	1030.0			Hepatocellular carcinoma, clear cell type		no	Radiation Therapy, NOS	yes	Surgery, NOS	no	Pharmaceutical Therapy, NOS	no	Ablation or Embolization, NOS													G3																																																																																																		Adenomas and Adenocarcinomas	574ba00b-fee6-4aab-ac01-6ffaf8fdc0c5	Liver and intrahepatic bile ducts	TCGA-LIHC	TCGA-XR-A8TD
592ef526-176a-42e0-bbeb-fb62d369a343	-29842	1423	not hispanic or latino	male	white	Dead	29842	0	1423.0			Hepatocellular carcinoma, NOS		no	Pharmaceutical Therapy, NOS	yes	Surgery, NOS	no	Ablation or Embolization, NOS	no	Radiation Therapy, NOS													G1	30972	1130				Hepatocellular carcinoma, NOS		no	Surgery, NOS	no	Pharmaceutical Therapy, NOS											no	Organ Transplantation	no	Radiation Therapy, NOS	no	Ablation or Embolization, NOS																																																																							Adenomas and Adenocarcinomas	592ef526-176a-42e0-bbeb-fb62d369a343	Liver and intrahepatic bile ducts	TCGA-LIHC	TCGA-BC-A10S
5a7706ba-3cea-41eb-b78a-fd69206daa93	-23974	65	not reported	male	white	Dead	19072	-4902				Squamous cell carcinoma, NOS		no	Radiation Therapy, NOS	yes	Surgery, NOS	no	Pharmaceutical Therapy, NOS																23974	0	65.0			Hepatocellular carcinoma, NOS		no	Radiation Therapy, NOS	no	Pharmaceutical Therapy, NOS											no	Ablation or Embolization, NOS	yes	Surgery, NOS													G1																																																												Adenomas and Adenocarcinomas	5a7706ba-3cea-41eb-b78a-fd69206daa93	Liver and intrahepatic bile ducts	TCGA-LIHC	TCGA-KR-A7K0
5b32d3f4-9b88-42de-aaac-22d1d2f5cde0	-18935	279	not hispanic or latino	female	asian	Dead	19176	241				Not Reported		no	Surgery, NOS	no	Radiation Therapy, NOS	no	Pharmaceutical Therapy, NOS	no	Organ Transplantation	no	Ablation or Embolization, NOS												19084	149				Hepatocellular carcinoma, NOS		no	Ablation or Embolization, NOS	no	Radiation Therapy, NOS											no	Organ Transplantation	no	Surgery, NOS	yes	Pharmaceutical Therapy, NOS												18935	0	279.0			Hepatocellular carcinoma, NOS		unknown	Ablation or Embolization, NOS	unknown	Radiation Therapy, NOS	yes	Targeted Molecular Therapy	yes	Surgery, NOS							G2																																						Adenomas and Adenocarcinomas	5b32d3f4-9b88-42de-aaac-22d1d2f5cde0	Liver and intrahepatic bile ducts	TCGA-LIHC	TCGA-CC-A8HV
5b8d04b2-ef40-4216-a3bb-42520efbe863	-29244	1210	not hispanic or latino	female	white	Dead	29333	89				Hepatocellular carcinoma, NOS		no	Organ Transplantation	no	Pharmaceutical Therapy, NOS	no	Surgery, NOS	no	Radiation Therapy, NOS	yes	Ablation or Embolization, NOS												29333	89				Hepatocellular carcinoma, NOS		yes	Ablation or Embolization, NOS																														29244	0	1210.0			Hepatocellular carcinoma, NOS		no	Radiation Therapy, NOS	yes	Chemoembolization	yes	Ablation or Embolization, NOS	no	Pharmaceutical Therapy, NOS	yes	Surgery, NOS					G2																																						Adenomas and Adenocarcinomas	5b8d04b2-ef40-4216-a3bb-42520efbe863	Liver and intrahepatic bile ducts	TCGA-LIHC	TCGA-DD-A4NK
5c9a21a3-d471-401a-9568-59dc84245d28	-27162	1490	not hispanic or latino	female	white	Dead	27162	0	1490.0			Hepatocellular carcinoma, NOS		no	Pharmaceutical Therapy, NOS	no	Ablation or Embolization, NOS	yes	Surgery, NOS	no	Radiation Therapy, NOS													G3	27637	475				Hepatocellular carcinoma, NOS		no	Radiation Therapy, NOS	no	Surgery, NOS											no	Ablation or Embolization, NOS	no	Pharmaceutical Therapy, NOS																																																																									Adenomas and Adenocarcinomas	5c9a21a3-d471-401a-9568-59dc84245d28	Liver and intrahepatic bile ducts	TCGA-LIHC	TCGA-BC-4072
5d259f26-3bef-4fe4-948b-495183f5f8be	-14229		not hispanic or latino	male	asian	Alive	14229	0	361.0			Hepatocellular carcinoma, NOS		yes	Surgery, NOS	no	Pharmaceutical Therapy, NOS	no	Radiation Therapy, NOS	no	Ablation or Embolization, NOS													G2																																																																																																		Adenomas and Adenocarcinomas	5d259f26-3bef-4fe4-948b-495183f5f8be	Liver and intrahepatic bile ducts	TCGA-LIHC	TCGA-G3-AAV7
5e2a99a1-41c1-49ca-97d6-69f9b9938d24	-19326		not hispanic or latino	female	asian	Alive	19326	0	0.0			Hepatocellular carcinoma, NOS		unknown	Pharmaceutical Therapy, NOS	unknown	Ablation or Embolization, NOS	yes	Surgery, NOS	unknown	Radiation Therapy, NOS													G2																																																																																																		Adenomas and Adenocarcinomas	5e2a99a1-41c1-49ca-97d6-69f9b9938d24	Liver and intrahepatic bile ducts	TCGA-LIHC	TCGA-CC-A9FU
5e4136e4-ddd8-4faf-8a8e-5f836fd97f49	-16732		not hispanic or latino	female	asian	Alive	16732	0	555.0			Hepatocellular carcinoma, NOS		no	Ablation or Embolization, NOS	no	Pharmaceutical Therapy, NOS	yes	Surgery, NOS	no	Radiation Therapy, NOS													G4																																																																																																		Adenomas and Adenocarcinomas	5e4136e4-ddd8-4faf-8a8e-5f836fd97f49	Liver and intrahepatic bile ducts	TCGA-LIHC	TCGA-DD-AAE0
5eaaf7ae-36af-4fb4-8940-e0861983ceb0	-18728		not hispanic or latino	male	asian	Alive	18728	0	1242.0			Hepatocellular carcinoma, NOS		no	Ablation or Embolization, NOS	no	Radiation Therapy, NOS	no	Pharmaceutical Therapy, NOS	yes	Surgery, NOS													G4																																																																																																		Adenomas and Adenocarcinomas	5eaaf7ae-36af-4fb4-8940-e0861983ceb0	Liver and intrahepatic bile ducts	TCGA-LIHC	TCGA-DD-AADB
609c82fd-eb3a-46d7-8c09-0cde281a50b3	-24646		not hispanic or latino	male	black or african american	Alive	24646	0	79.0			Hepatocellular carcinoma, NOS		unknown	Radiation Therapy, NOS	yes	Surgery, NOS	unknown	Ablation or Embolization, NOS	unknown	Pharmaceutical Therapy, NOS													G3																																																																																																		Adenomas and Adenocarcinomas	609c82fd-eb3a-46d7-8c09-0cde281a50b3	Liver and intrahepatic bile ducts	TCGA-LIHC	TCGA-DD-A11A
60fcd491-0170-46c0-ab14-d71f88267a14	-25608		not hispanic or latino	male	white	Alive	25608	0	322.0			Hepatocellular carcinoma, NOS		yes	Surgery, NOS	no	Pharmaceutical Therapy, NOS	no	Radiation Therapy, NOS	no	Ablation or Embolization, NOS													G2																																																																																																		Adenomas and Adenocarcinomas	60fcd491-0170-46c0-ab14-d71f88267a14	Liver and intrahepatic bile ducts	TCGA-LIHC	TCGA-5C-A9VH
613ddb95-14d7-4941-b374-fb5cd344d1bb	-22375	303	not hispanic or latino	male	asian	Dead	22375	0	303.0			Hepatocellular carcinoma, NOS		yes	Surgery, NOS	no	Pharmaceutical Therapy, NOS	no	Ablation or Embolization, NOS	no	Radiation Therapy, NOS													G2	22636	261				Hepatocellular carcinoma, NOS		no	Surgery, NOS	no	Radiation Therapy, NOS											no	Pharmaceutical Therapy, NOS	no	Ablation or Embolization, NOS	no	Organ Transplantation																																																																							Adenomas and Adenocarcinomas	613ddb95-14d7-4941-b374-fb5cd344d1bb	Liver and intrahepatic bile ducts	TCGA-LIHC	TCGA-CC-A3MA
614c0ecf-6a84-4c86-8706-79be5bb00991	-24599	419	Unknown	male	Unknown	Dead	24743	144				Hepatocellular carcinoma, NOS		no	Ablation or Embolization, NOS	no	Organ Transplantation	no	Surgery, NOS	yes	Pharmaceutical Therapy, NOS	no	Radiation Therapy, NOS												24599	0	419.0			Hepatocellular carcinoma, NOS		no	Ablation or Embolization, NOS	no	Radiation Therapy, NOS											yes	Surgery, NOS	yes	Chemotherapy													G3																																																												Adenomas and Adenocarcinomas	614c0ecf-6a84-4c86-8706-79be5bb00991	Liver and intrahepatic bile ducts	TCGA-LIHC	TCGA-DD-A3A7
61902cb6-b041-48ac-aacc-483a28949865	-25979	102	not hispanic or latino	male	asian	Dead	25979	0	102.0			Hepatocellular carcinoma, NOS		yes	Surgery, NOS	no	Radiation Therapy, NOS	no	Pharmaceutical Therapy, NOS	no	Ablation or Embolization, NOS													G2																																																																																																		Adenomas and Adenocarcinomas	61902cb6-b041-48ac-aacc-483a28949865	Liver and intrahepatic bile ducts	TCGA-LIHC	TCGA-CC-5264
62c02da8-e4b4-4294-9923-8992d187fc7b	-21349	12	not hispanic or latino	male	asian	Dead	21349	0	12.0			Hepatocellular carcinoma, NOS		yes	Surgery, NOS	no	Ablation or Embolization, NOS	no	Radiation Therapy, NOS	no	Pharmaceutical Therapy, NOS													G3																																																																																																		Adenomas and Adenocarcinomas	62c02da8-e4b4-4294-9923-8992d187fc7b	Liver and intrahepatic bile ducts	TCGA-LIHC	TCGA-DD-AADM
635aad0b-9c47-4564-821f-c00ddb280d53	-25172	365	not hispanic or latino	male	asian	Dead	25291	119				Hepatocellular carcinoma, NOS		no	Radiation Therapy, NOS	no	Pharmaceutical Therapy, NOS	yes	Ablation or Embolization, NOS	no	Surgery, NOS	no	Organ Transplantation												25172	0	365.0			Hepatocellular carcinoma, NOS		no	Radiation Therapy, NOS	yes	Surgery, NOS											no	Ablation or Embolization, NOS	no	Pharmaceutical Therapy, NOS													G3																																																												Adenomas and Adenocarcinomas	635aad0b-9c47-4564-821f-c00ddb280d53	Liver and intrahepatic bile ducts	TCGA-LIHC	TCGA-DD-AACF
6533648f-1353-4253-b65b-d472aacf5751	-28049	711	not hispanic or latino	male	white	Dead	28449	400				Hepatocellular carcinoma, NOS		no	Organ Transplantation	no	Radiation Therapy, NOS	no	Pharmaceutical Therapy, NOS	no	Surgery, NOS	yes	Ablation or Embolization, NOS												28049	0	711.0			Hepatocellular carcinoma, NOS		yes	Ablation, Radiofrequency	no	Radiation Therapy, NOS											yes	Surgery, NOS	yes	Chemoembolization	yes	Chemoembolization	no	Pharmaceutical Therapy, NOS	yes	Ablation or Embolization, NOS	yes	Chemoembolization					G3																																																												Adenomas and Adenocarcinomas	6533648f-1353-4253-b65b-d472aacf5751	Liver and intrahepatic bile ducts	TCGA-LIHC	TCGA-BC-A10Y
654af137-70d9-4ee4-9f69-793e352d30f8	-26858	349	not hispanic or latino	male	white	Dead	26902	44				Hepatocellular carcinoma, NOS		no	Pharmaceutical Therapy, NOS	no	Ablation or Embolization, NOS	no	Organ Transplantation	no	Radiation Therapy, NOS	no	Surgery, NOS												26858	0	349.0			Hepatocellular carcinoma, NOS		no	Pharmaceutical Therapy, NOS	no	Ablation or Embolization, NOS											yes	Surgery, NOS	no	Radiation Therapy, NOS													G3																																																												Adenomas and Adenocarcinomas	654af137-70d9-4ee4-9f69-793e352d30f8	Liver and intrahepatic bile ducts	TCGA-LIHC	TCGA-DD-A1EE
66c6f413-b7a8-4d7c-9e1d-c4fb257b9e5c	-14613	223	not hispanic or latino	male	asian	Dead	14613	0	223.0			Hepatocellular carcinoma, NOS		yes	Surgery, NOS	unknown	Pharmaceutical Therapy, NOS	unknown	Radiation Therapy, NOS	unknown	Ablation or Embolization, NOS													G3																																																																																																		Adenomas and Adenocarcinomas	66c6f413-b7a8-4d7c-9e1d-c4fb257b9e5c	Liver and intrahepatic bile ducts	TCGA-LIHC	TCGA-DD-A119
67a00f5f-c753-48f9-bc24-8287f50ec776	-15872		not hispanic or latino	male	asian	Alive	15872	0	1424.0			Hepatocellular carcinoma, NOS		no	Ablation or Embolization, NOS	no	Pharmaceutical Therapy, NOS	no	Radiation Therapy, NOS	yes	Surgery, NOS													G3																																																																																																		Adenomas and Adenocarcinomas	67a00f5f-c753-48f9-bc24-8287f50ec776	Liver and intrahepatic bile ducts	TCGA-LIHC	TCGA-DD-AACW
69d6881b-9e9a-407b-8b02-bad5fc2455bf	-27524	11	not hispanic or latino	male	white	Dead	23890	-3634				Squamous cell carcinoma, NOS		no	Radiation Therapy, NOS	yes	Surgery, NOS	no	Pharmaceutical Therapy, NOS																27524	0	11.0			Hepatocellular carcinoma, NOS		no	Ablation or Embolization, NOS	yes	Surgery, NOS											no	Pharmaceutical Therapy, NOS	no	Radiation Therapy, NOS													G2	23167	-4357				Adenocarcinoma, NOS		yes	Radiation Therapy, NOS	no	Pharmaceutical Therapy, NOS	yes	Surgery, NOS																																															Adenomas and Adenocarcinomas	69d6881b-9e9a-407b-8b02-bad5fc2455bf	Liver and intrahepatic bile ducts	TCGA-LIHC	TCGA-DD-A3A8
6a93206a-c25c-4e45-b0ba-0a21bd8253b6	-17586	129	not hispanic or latino	male	asian	Dead	17586	0	129.0			Hepatocellular carcinoma, NOS		no	Ablation or Embolization, NOS	yes	Surgery, NOS	no	Radiation Therapy, NOS	no	Pharmaceutical Therapy, NOS													G2																																																																																																		Adenomas and Adenocarcinomas	6a93206a-c25c-4e45-b0ba-0a21bd8253b6	Liver and intrahepatic bile ducts	TCGA-LIHC	TCGA-CC-5258
6bb5d506-8fca-43f3-90a6-03c915d7ede2	-25503	547	not hispanic or latino	male	white	Dead	25503	0				Not Reported		no	Radiation Therapy, NOS	no	Pharmaceutical Therapy, NOS	yes	Surgery, NOS																25887	384				Hepatocellular carcinoma, NOS		no	Radiation Therapy, NOS	no	Organ Transplantation											no	Pharmaceutical Therapy, NOS	no	Surgery, NOS	yes	Ablation or Embolization, NOS												25503	0	547.0			Hepatocellular carcinoma, NOS		no	Radiation Therapy, NOS	no	Ablation or Embolization, NOS	yes	Surgery, NOS	no	Pharmaceutical Therapy, NOS							G3																																						Adenomas and Adenocarcinomas	6bb5d506-8fca-43f3-90a6-03c915d7ede2	Liver and intrahepatic bile ducts	TCGA-LIHC	TCGA-BC-A5W4
6c79f64b-63fe-46f5-bf7b-77208231b0f2	-28108	1372	not hispanic or latino	male	white	Dead	28108	0	1372.0			Hepatocellular carcinoma, NOS		yes	Surgery, NOS	yes	Chemoembolization	yes	Ablation or Embolization, NOS	yes	Chemoembolization	yes	Chemotherapy	no	Radiation Therapy, NOS	yes	Chemoembolization	yes	Chemoembolization					G3	29114	1006				Hepatocellular carcinoma, NOS		no	Radiation Therapy, NOS	yes	Ablation or Embolization, NOS											yes	Pharmaceutical Therapy, NOS	no	Organ Transplantation	no	Surgery, NOS												28983	875				Hepatocellular carcinoma, NOS		yes	Pharmaceutical Therapy, NOS	no	Radiation Therapy, NOS	yes	Surgery, NOS	no	Organ Transplantation	no	Ablation or Embolization, NOS						28983	875				Hepatocellular carcinoma, NOS		no	Radiation Therapy, NOS	no	Pharmaceutical Therapy, NOS	no	Ablation or Embolization, NOS	yes	Surgery, NOS	no	Organ Transplantation																					Adenomas and Adenocarcinomas	6c79f64b-63fe-46f5-bf7b-77208231b0f2	Liver and intrahepatic bile ducts	TCGA-LIHC	TCGA-DD-A1EG
6d2e8bc2-ca86-41c1-ae49-289e20fce758	-27103		not hispanic or latino	female	asian	Alive	27103	0	2324.0			Hepatocellular carcinoma, NOS		no	Pharmaceutical Therapy, NOS	no	Radiation Therapy, NOS	yes	Surgery, NOS	no	Ablation or Embolization, NOS													G3																																																																																																		Adenomas and Adenocarcinomas	6d2e8bc2-ca86-41c1-ae49-289e20fce758	Liver and intrahepatic bile ducts	TCGA-LIHC	TCGA-DD-AACB
6dcfc418-ab28-4365-95ea-c1ae254f2341	-27411	1397	not reported	female	white	Dead	27411	0	1397.0			Hepatocellular carcinoma, NOS		not reported	Surgery, NOS	no	Radiation Therapy, NOS	no	Pharmaceutical Therapy, NOS	no	Ablation or Embolization, NOS													G3																																																																																																		Adenomas and Adenocarcinomas	6dcfc418-ab28-4365-95ea-c1ae254f2341	Liver and intrahepatic bile ducts	TCGA-LIHC	TCGA-BC-A217
6e657705-8579-433b-af7a-b6155b599518	-21249		not hispanic or latino	male	asian	Alive	21249	0	476.0			Hepatocellular carcinoma, NOS		no	Ablation or Embolization, NOS	no	Radiation Therapy, NOS	no	Pharmaceutical Therapy, NOS	yes	Surgery, NOS													G2																																																																																																		Adenomas and Adenocarcinomas	6e657705-8579-433b-af7a-b6155b599518	Liver and intrahepatic bile ducts	TCGA-LIHC	TCGA-G3-AAV0
6ea0ef82-694d-492d-95da-a3bc8de99149	-18757		not hispanic or latino	male	asian	Alive	18757	0	1067.0			Hepatocellular carcinoma, NOS		no	Radiation Therapy, NOS	no	Pharmaceutical Therapy, NOS	no	Ablation or Embolization, NOS	yes	Surgery, NOS													G3																																																																																																		Adenomas and Adenocarcinomas	6ea0ef82-694d-492d-95da-a3bc8de99149	Liver and intrahepatic bile ducts	TCGA-LIHC	TCGA-DD-AAEK
709f1e4d-f5e8-4a0b-8254-23f037f4bae7	-22913	34	not hispanic or latino	female	white	Dead	22913	0	34.0			Hepatocellular carcinoma, NOS		no	Radiation Therapy, NOS	no	Ablation or Embolization, NOS	no	Pharmaceutical Therapy, NOS	yes	Surgery, NOS													G2																																																																																																		Adenomas and Adenocarcinomas	709f1e4d-f5e8-4a0b-8254-23f037f4bae7	Liver and intrahepatic bile ducts	TCGA-LIHC	TCGA-BC-A10Z
70aecc90-17f0-4064-8ebb-be81f9b1d7fd	-25370		not reported	male	white	Alive	25370	0	387.0			Hepatocellular carcinoma, NOS		no	Radiation Therapy, NOS	no	Pharmaceutical Therapy, NOS	yes	Surgery, NOS	no	Ablation or Embolization, NOS													G1																																																																																																		Adenomas and Adenocarcinomas	70aecc90-17f0-4064-8ebb-be81f9b1d7fd	Liver and intrahepatic bile ducts	TCGA-LIHC	TCGA-BC-A69I
714a6878-ed2a-47f3-9755-b705ac144d68	-24432		not hispanic or latino	male	asian	Alive	24934	502				Hepatocellular carcinoma, NOS		yes	Ablation or Embolization, NOS	no	Radiation Therapy, NOS	no	Organ Transplantation	no	Surgery, NOS	no	Pharmaceutical Therapy, NOS												24432	0	579.0			Hepatocellular carcinoma, NOS		no	Pharmaceutical Therapy, NOS	yes	Surgery, NOS											no	Radiation Therapy, NOS	no	Ablation or Embolization, NOS													G2																																																												Adenomas and Adenocarcinomas	714a6878-ed2a-47f3-9755-b705ac144d68	Liver and intrahepatic bile ducts	TCGA-LIHC	TCGA-RC-A7SF
71681db9-fa90-4fe1-a497-67d501eb75f0	-22677	19	not hispanic or latino	male	black or african american	Dead	22677	0	19.0			Hepatocellular carcinoma, NOS		no	Radiation Therapy, NOS	no	Pharmaceutical Therapy, NOS	yes	Surgery, NOS	no	Ablation or Embolization, NOS													G3																																																																																																		Adenomas and Adenocarcinomas	71681db9-fa90-4fe1-a497-67d501eb75f0	Liver and intrahepatic bile ducts	TCGA-LIHC	TCGA-EP-A2KC
7444eea6-90e8-42dd-a7b5-0afc6d96e1e8	-21946		not hispanic or latino	female	asian	Alive	22126	180				Hepatocellular carcinoma, NOS		no	Surgery, NOS	no	Ablation or Embolization, NOS	no	Radiation Therapy, NOS	no	Pharmaceutical Therapy, NOS	no	Organ Transplantation												21946	0	250.0			Hepatocellular carcinoma, NOS		no	Ablation or Embolization, NOS	no	Radiation Therapy, NOS											no	Pharmaceutical Therapy, NOS	yes	Surgery, NOS													G2																																																												Adenomas and Adenocarcinomas	7444eea6-90e8-42dd-a7b5-0afc6d96e1e8	Liver and intrahepatic bile ducts	TCGA-LIHC	TCGA-CC-5259
75030b63-59af-4705-86e7-3a431b7cf65a	-23435	757	not hispanic or latino	female	white	Dead	23435	0	757.0			Hepatocellular carcinoma, NOS		no	Radiation Therapy, NOS	no	Ablation or Embolization, NOS	no	Pharmaceutical Therapy, NOS	yes	Surgery, NOS													G3	24072	637				Hepatocellular carcinoma, NOS		no	Radiation Therapy, NOS	no	Pharmaceutical Therapy, NOS											no	Ablation or Embolization, NOS	no	Organ Transplantation	yes	Surgery, NOS																																																																							Adenomas and Adenocarcinomas	75030b63-59af-4705-86e7-3a431b7cf65a	Liver and intrahepatic bile ducts	TCGA-LIHC	TCGA-2Y-A9GY
75f43fca-200a-48b0-bb67-0693d7b91119	-25061		not hispanic or latino	female	white	Alive	25270	209				Hepatocellular carcinoma, NOS		no	Surgery, NOS	no	Organ Transplantation	yes	Pharmaceutical Therapy, NOS																25270	209				Hepatocellular carcinoma, NOS		yes	Pharmaceutical Therapy, NOS	no	Surgery, NOS											no	Organ Transplantation																25061	0	680.0			Hepatocellular carcinoma, NOS		no	Ablation or Embolization, NOS	no	Pharmaceutical Therapy, NOS	yes	Surgery, NOS	no	Radiation Therapy, NOS							G3	25270	209				Hepatocellular carcinoma, NOS		yes	Pharmaceutical Therapy, NOS	no	Surgery, NOS	no	Organ Transplantation																									Adenomas and Adenocarcinomas	75f43fca-200a-48b0-bb67-0693d7b91119	Liver and intrahepatic bile ducts	TCGA-LIHC	TCGA-BC-A3KG
75f78c38-6854-4390-ad11-789b4e549d63	-24090		not hispanic or latino	male	white	Alive	25080	990				Hepatocellular carcinoma, NOS		yes	Ablation or Embolization, NOS																				24090	0	2245.0			Hepatocellular carcinoma, NOS		no	Ablation or Embolization, NOS	yes	Surgery, NOS											no	Pharmaceutical Therapy, NOS	no	Radiation Therapy, NOS	yes	Ablation, Radiofrequency	yes	Ablation, Cryo	yes	Chemoembolization							G1	25080	990				Hepatocellular carcinoma, NOS		yes	Ablation or Embolization, NOS	no	Pharmaceutical Therapy, NOS	no	Organ Transplantation	no	Surgery, NOS	no	Radiation Therapy, NOS						26331	2241				Hepatocellular carcinoma, NOS		no	Surgery, NOS	no	Organ Transplantation	no	Radiation Therapy, NOS	no	Pharmaceutical Therapy, NOS	yes	Ablation or Embolization, NOS								26331	2241	Hepatocellular carcinoma, NOS	no	Pharmaceutical Therapy, NOS	no	Radiation Therapy, NOS	no	Surgery, NOS	yes	Ablation or Embolization, NOS	no	Organ Transplantation	Adenomas and Adenocarcinomas	75f78c38-6854-4390-ad11-789b4e549d63	Liver and intrahepatic bile ducts	TCGA-LIHC	TCGA-DD-A4NO
76cc9c06-0827-465e-bab3-5f4115295ebe	-19850		hispanic or latino	male	Unknown	Alive	19850	0	538.0			Hepatocellular carcinoma, NOS		no	Radiation Therapy, NOS	yes	Surgery, NOS	no	Pharmaceutical Therapy, NOS	no	Ablation or Embolization, NOS													G2																																																																																																		Adenomas and Adenocarcinomas	76cc9c06-0827-465e-bab3-5f4115295ebe	Liver and intrahepatic bile ducts	TCGA-LIHC	TCGA-O8-A75V
79df037c-7d37-4e6c-a654-57708a4f87aa	-23380		not hispanic or latino	male	white	Alive	23380	0	444.0			Hepatocellular carcinoma, NOS		yes	Surgery, NOS	no	Radiation Therapy, NOS	no	Pharmaceutical Therapy, NOS	no	Ablation or Embolization, NOS													G3																																																																																																		Adenomas and Adenocarcinomas	79df037c-7d37-4e6c-a654-57708a4f87aa	Liver and intrahepatic bile ducts	TCGA-LIHC	TCGA-BC-A69H
79f9331c-9e00-4277-a9d1-7c848e132134	-23782		not hispanic or latino	female	white	Alive	24348	566				Hepatocellular carcinoma, NOS		no	Radiation Therapy, NOS	no	Organ Transplantation	no	Ablation or Embolization, NOS	no	Pharmaceutical Therapy, NOS														23782	0	701.0			Hepatocellular carcinoma, NOS		yes	Surgery, NOS	no	Ablation or Embolization, NOS											no	Radiation Therapy, NOS	no	Pharmaceutical Therapy, NOS													G1																																																												Adenomas and Adenocarcinomas	79f9331c-9e00-4277-a9d1-7c848e132134	Liver and intrahepatic bile ducts	TCGA-LIHC	TCGA-DD-A73C
7a6162a4-1166-4310-84cd-ffc2b06f124c	-22552		not hispanic or latino	male	asian	Alive	22552	0	20.0			Combined hepatocellular carcinoma and cholangiocarcinoma		no	Radiation Therapy, NOS	no	Pharmaceutical Therapy, NOS	yes	Surgery, NOS	no	Ablation or Embolization, NOS													G1																																																																																																		Adenomas and Adenocarcinomas	7a6162a4-1166-4310-84cd-ffc2b06f124c	Liver and intrahepatic bile ducts	TCGA-LIHC	TCGA-5C-AAPD
7ba3d8f1-0c26-4c49-8d6b-0f2875b58daf	-22587		not reported	female	white	Alive	13819	-8768				Adenocarcinoma, NOS		yes	Surgery, NOS	no	Radiation Therapy, NOS	no	Pharmaceutical Therapy, NOS																22587	0	951.0			Hepatocellular carcinoma, NOS		no	Radiation Therapy, NOS	no	Ablation or Embolization, NOS											no	Pharmaceutical Therapy, NOS	yes	Surgery, NOS													G1	22826	239				Hepatocellular carcinoma, NOS		no	Surgery, NOS	no	Ablation or Embolization, NOS	no	Organ Transplantation	no	Radiation Therapy, NOS	yes	Pharmaceutical Therapy, NOS						22826	239				Hepatocellular carcinoma, NOS		no	Surgery, NOS	no	Pharmaceutical Therapy, NOS	no	Radiation Therapy, NOS	no	Organ Transplantation	no	Ablation or Embolization, NOS																					Adenomas and Adenocarcinomas	7ba3d8f1-0c26-4c49-8d6b-0f2875b58daf	Liver and intrahepatic bile ducts	TCGA-LIHC	TCGA-KR-A7K7
7bdc5f86-4d7d-4f1f-bc23-ab51fa9fb947	-29051		not hispanic or latino	female	white	Alive	29051	0	1241.0			Hepatocellular carcinoma, NOS		no	Pharmaceutical Therapy, NOS	no	Ablation or Embolization, NOS	yes	Surgery, NOS	no	Radiation Therapy, NOS													G1	29943	892				Not Reported		no	Radiation Therapy, NOS	no	Organ Transplantation											no	Pharmaceutical Therapy, NOS	no	Ablation or Embolization, NOS	yes	Surgery, NOS												27125	-1926				Basaloid squamous cell carcinoma		no	Radiation Therapy, NOS	no	Pharmaceutical Therapy, NOS	yes	Surgery, NOS																																															Adenomas and Adenocarcinomas	7bdc5f86-4d7d-4f1f-bc23-ab51fa9fb947	Liver and intrahepatic bile ducts	TCGA-LIHC	TCGA-ZS-A9CE
7d914d07-f250-4c7a-8fa2-df14e708936e	-28406		not hispanic or latino	female	white	Alive	28406	0	3437.0			Hepatocellular carcinoma, NOS		no	Pharmaceutical Therapy, NOS	no	Radiation Therapy, NOS	yes	Surgery, NOS	no	Ablation or Embolization, NOS													G2	29064	658				Hepatocellular carcinoma, NOS		yes	Surgery, NOS	no	Pharmaceutical Therapy, NOS											no	Ablation or Embolization, NOS	no	Radiation Therapy, NOS	no	Organ Transplantation																																																																							Adenomas and Adenocarcinomas	7d914d07-f250-4c7a-8fa2-df14e708936e	Liver and intrahepatic bile ducts	TCGA-LIHC	TCGA-DD-A118
7dd3bda9-3a0a-46fa-b052-a6d24b847804	-20023	438	not hispanic or latino	male	black or african american	Dead	20023	0	438.0			Hepatocellular carcinoma, NOS		yes	Surgery, NOS																			G2																																																																																																		Adenomas and Adenocarcinomas	7dd3bda9-3a0a-46fa-b052-a6d24b847804	Liver and intrahepatic bile ducts	TCGA-LIHC	TCGA-ES-A2HT
7e589ee1-ffcc-448a-a275-829ca26a597e	-23156	347	not hispanic or latino	male	asian	Dead	23468	312				Not Reported		no	Radiation Therapy, NOS	no	Pharmaceutical Therapy, NOS	no	Organ Transplantation	no	Ablation or Embolization, NOS	no	Surgery, NOS												23156	0	347.0			Hepatocellular carcinoma, NOS		unknown	Ablation or Embolization, NOS	unknown	Pharmaceutical Therapy, NOS											yes	Surgery, NOS	unknown	Radiation Therapy, NOS													G3																																																												Adenomas and Adenocarcinomas	7e589ee1-ffcc-448a-a275-829ca26a597e	Liver and intrahepatic bile ducts	TCGA-LIHC	TCGA-CC-A5UC
7f8e25d4-6021-4327-96ab-79b6fcc97a24	-32120	752	not reported	female	not reported	Dead	32120	0	752.0			Hepatocellular carcinoma, clear cell type		no	Radiation Therapy, NOS	yes	Surgery, NOS	no	Ablation or Embolization, NOS	no	Pharmaceutical Therapy, NOS														32299	179				Hepatocellular carcinoma, clear cell type		no	Organ Transplantation	no	Radiation Therapy, NOS											no	Ablation or Embolization, NOS	no	Surgery, NOS	no	Pharmaceutical Therapy, NOS												32305	185				Hepatocellular carcinoma, clear cell type		no	Radiation Therapy, NOS	no	Organ Transplantation	no	Pharmaceutical Therapy, NOS	no	Ablation or Embolization, NOS	no	Surgery, NOS																																											Adenomas and Adenocarcinomas	7f8e25d4-6021-4327-96ab-79b6fcc97a24	Liver and intrahepatic bile ducts	TCGA-LIHC	TCGA-HP-A5N0
7fb03840-5153-4dc6-a302-5a89aa4e1fb6	-18572	56	not hispanic or latino	female	asian	Dead	18572	0	56.0			Hepatocellular carcinoma, NOS		yes	Surgery, NOS	no	Ablation or Embolization, NOS	no	Pharmaceutical Therapy, NOS	no	Radiation Therapy, NOS													G3																																																																																																		Adenomas and Adenocarcinomas	7fb03840-5153-4dc6-a302-5a89aa4e1fb6	Liver and intrahepatic bile ducts	TCGA-LIHC	TCGA-ED-A8O6
7fe5e2d9-c514-47bc-8387-3f940f7a822d	-23510		not hispanic or latino	male	white	Alive	24146	636				Hepatocellular carcinoma, NOS		yes	Ablation or Embolization, NOS	no	Radiation Therapy, NOS	no	Pharmaceutical Therapy, NOS	no	Organ Transplantation	yes	Surgery, NOS												23510	0	2412.0			Hepatocellular carcinoma, NOS		no	Pharmaceutical Therapy, NOS	no	Radiation Therapy, NOS											yes	Surgery, NOS	no	Ablation or Embolization, NOS													G2																																																												Adenomas and Adenocarcinomas	7fe5e2d9-c514-47bc-8387-3f940f7a822d	Liver and intrahepatic bile ducts	TCGA-LIHC	TCGA-ZS-A9CF
801b1d2c-eb6f-4eef-a00b-83da939d755a	-25096		not hispanic or latino	male	black or african american	Alive	25096	0	1452.0			Hepatocellular carcinoma, NOS		yes	Surgery, NOS	no	Radiation Therapy, NOS	no	Pharmaceutical Therapy, NOS	no	Ablation or Embolization, NOS													G2																																																																																																		Adenomas and Adenocarcinomas	801b1d2c-eb6f-4eef-a00b-83da939d755a	Liver and intrahepatic bile ducts	TCGA-LIHC	TCGA-2Y-A9H4
8052c374-9435-4588-b970-68565c56dbb7	-24925		not hispanic or latino	male	asian	Alive	25679	754				Hepatocellular carcinoma, NOS		no	Pharmaceutical Therapy, NOS	no	Surgery, NOS	yes	Ablation or Embolization, NOS	no	Organ Transplantation	no	Radiation Therapy, NOS												24925	0	2415.0			Hepatocellular carcinoma, NOS		yes	Surgery, NOS	no	Radiation Therapy, NOS											yes	Ablation, Radiofrequency	no	Pharmaceutical Therapy, NOS	yes	Ablation, Radiofrequency	no	Ablation or Embolization, NOS									G2																																																												Adenomas and Adenocarcinomas	8052c374-9435-4588-b970-68565c56dbb7	Liver and intrahepatic bile ducts	TCGA-LIHC	TCGA-DD-A1EA
80e7742f-abbe-4f11-b4e4-c999dc1bd459	-13911		not hispanic or latino	male	asian	Alive	15434	1523				Hepatocellular carcinoma, NOS		no	Ablation or Embolization, NOS	yes	Surgery, NOS	yes	Organ Transplantation	no	Pharmaceutical Therapy, NOS	no	Radiation Therapy, NOS												15434	1523				Hepatocellular carcinoma, NOS		no	Ablation or Embolization, NOS	no	Radiation Therapy, NOS											yes	Surgery, NOS	no	Organ Transplantation	no	Pharmaceutical Therapy, NOS												15420	1509				Hepatocellular carcinoma, NOS		no	Radiation Therapy, NOS	no	Pharmaceutical Therapy, NOS	no	Surgery, NOS	yes	Organ Transplantation	yes	Ablation or Embolization, NOS						13911	0	2728.0			Hepatocellular carcinoma, NOS		no	Radiation Therapy, NOS	yes	Surgery, NOS	no	Pharmaceutical Therapy, NOS	yes	Ablation or Embolization, NOS									G2														Adenomas and Adenocarcinomas	80e7742f-abbe-4f11-b4e4-c999dc1bd459	Liver and intrahepatic bile ducts	TCGA-LIHC	TCGA-DD-AAVQ
8153a862-0790-4a33-80db-ed47fedcd4ef	-25808	2759	not hispanic or latino	male	white	Dead	25808	0	2759.0			Hepatocellular carcinoma, NOS		no	Radiation Therapy, NOS	yes	Surgery, NOS	yes	Chemoembolization	no	Ablation or Embolization, NOS	yes	Ablation, Radiofrequency	no	Pharmaceutical Therapy, NOS									G2	27646	1838				Hepatocellular carcinoma, NOS		no	Organ Transplantation	no	Radiation Therapy, NOS											yes	Ablation or Embolization, NOS	no	Pharmaceutical Therapy, NOS	no	Surgery, NOS												26528	720				Hepatocellular carcinoma, NOS		no	Organ Transplantation	no	Surgery, NOS	yes	Ablation or Embolization, NOS	no	Pharmaceutical Therapy, NOS	no	Radiation Therapy, NOS																																											Adenomas and Adenocarcinomas	8153a862-0790-4a33-80db-ed47fedcd4ef	Liver and intrahepatic bile ducts	TCGA-LIHC	TCGA-DD-A1E9
815dffb0-0c22-4e05-868c-26e6c553980a	-19964		not hispanic or latino	female	white	Alive	20513	549				Hepatocellular carcinoma, NOS		no	Radiation Therapy, NOS	no	Pharmaceutical Therapy, NOS	no	Organ Transplantation	yes	Ablation or Embolization, NOS	no	Surgery, NOS												19964	0	928.0			Hepatocellular carcinoma, NOS		yes	Surgery, NOS	no	Ablation or Embolization, NOS											no	Pharmaceutical Therapy, NOS	no	Radiation Therapy, NOS	yes	Ablation, Radiofrequency											G2	20517	553				Hepatocellular carcinoma, NOS		no	Radiation Therapy, NOS	yes	Ablation or Embolization, NOS	no	Surgery, NOS	no	Pharmaceutical Therapy, NOS																																													Adenomas and Adenocarcinomas	815dffb0-0c22-4e05-868c-26e6c553980a	Liver and intrahepatic bile ducts	TCGA-LIHC	TCGA-DD-A4NJ
81eddcda-0069-4652-9dc6-8aac89cba1ff	-24233		not hispanic or latino	male	white	Alive	24233	0	512.0			Hepatocellular carcinoma, NOS		no	Ablation or Embolization, NOS	no	Radiation Therapy, NOS	yes	Surgery, NOS	no	Pharmaceutical Therapy, NOS													G2																																																																																																		Adenomas and Adenocarcinomas	81eddcda-0069-4652-9dc6-8aac89cba1ff	Liver and intrahepatic bile ducts	TCGA-LIHC	TCGA-K7-A6G5
82d6268a-de59-4a14-abd2-7492178fa5bd	-14473		not hispanic or latino	male	asian	Alive	14473	0	1804.0			Hepatocellular carcinoma, NOS		no	Ablation or Embolization, NOS	no	Radiation Therapy, NOS	yes	Surgery, NOS	no	Pharmaceutical Therapy, NOS													G3																																																																																																		Adenomas and Adenocarcinomas	82d6268a-de59-4a14-abd2-7492178fa5bd	Liver and intrahepatic bile ducts	TCGA-LIHC	TCGA-DD-AACS
834cff01-3c12-42fa-abbe-ae0ae168c568	-16157		not hispanic or latino	male	asian	Alive	16157	0	2513.0			Hepatocellular carcinoma, NOS		no	Pharmaceutical Therapy, NOS	no	Ablation or Embolization, NOS	no	Radiation Therapy, NOS	yes	Surgery, NOS													G2																																																																																																		Adenomas and Adenocarcinomas	834cff01-3c12-42fa-abbe-ae0ae168c568	Liver and intrahepatic bile ducts	TCGA-LIHC	TCGA-DD-AAVR
869f8a17-bced-4002-bd60-99df84a03b93	-27963		not hispanic or latino	male	asian	Alive	27963	0	447.0			Hepatocellular carcinoma, NOS		yes	Surgery, NOS	no	Ablation or Embolization, NOS	no	Radiation Therapy, NOS	no	Pharmaceutical Therapy, NOS													G2																																																																																																		Adenomas and Adenocarcinomas	869f8a17-bced-4002-bd60-99df84a03b93	Liver and intrahepatic bile ducts	TCGA-LIHC	TCGA-G3-A7M5
870c86e7-d6e1-4f9d-bb0b-bd1c66d6bcde	-28234		not hispanic or latino	female	white	Alive	28234	0	1085.0			Hepatocellular carcinoma, NOS		unknown	Radiation Therapy, NOS	unknown	Ablation or Embolization, NOS	yes	Surgery, NOS	unknown	Pharmaceutical Therapy, NOS													G1																																																																																																		Adenomas and Adenocarcinomas	870c86e7-d6e1-4f9d-bb0b-bd1c66d6bcde	Liver and intrahepatic bile ducts	TCGA-LIHC	TCGA-DD-A73F
87750e70-3af7-452a-9aa5-375acd3843ea	-22601		not hispanic or latino	male	asian	Alive	22601	0	6.0			Hepatocellular carcinoma, NOS		no	Pharmaceutical Therapy, NOS	no	Ablation or Embolization, NOS	no	Radiation Therapy, NOS	yes	Surgery, NOS													G2																																																																																																		Adenomas and Adenocarcinomas	87750e70-3af7-452a-9aa5-375acd3843ea	Liver and intrahepatic bile ducts	TCGA-LIHC	TCGA-ED-A7PZ
8778dc9e-a7db-4464-a8af-11addb5e441a	-20073		not hispanic or latino	male	asian	Alive	20073	0	6.0			Combined hepatocellular carcinoma and cholangiocarcinoma		no	Ablation or Embolization, NOS	yes	Surgery, NOS	no	Radiation Therapy, NOS	unknown	Pharmaceutical Therapy, NOS													G2																																																																																																		Adenomas and Adenocarcinomas	8778dc9e-a7db-4464-a8af-11addb5e441a	Liver and intrahepatic bile ducts	TCGA-LIHC	TCGA-ED-A97K
877b9f6b-9b34-40ed-933f-8fef204edf21	-24046	233	not reported	male	not reported	Dead	24046	0	233.0			Hepatocellular carcinoma, NOS		no	Radiation Therapy, NOS	no	Ablation or Embolization, NOS	yes	Surgery, NOS	no	Pharmaceutical Therapy, NOS													G2																																																																																																		Adenomas and Adenocarcinomas	877b9f6b-9b34-40ed-933f-8fef204edf21	Liver and intrahepatic bile ducts	TCGA-LIHC	TCGA-DD-A3A1
87aa894e-7676-40b7-9557-6541446d8cea	-23793		not hispanic or latino	male	white	Alive	23793	0	671.0			Hepatocellular carcinoma, NOS		no	Pharmaceutical Therapy, NOS	no	Ablation or Embolization, NOS	yes	Surgery, NOS	no	Radiation Therapy, NOS													G2	24432	639				Hepatocellular carcinoma, NOS		no	Radiation Therapy, NOS	no	Ablation or Embolization, NOS											no	Surgery, NOS	no	Organ Transplantation	no	Pharmaceutical Therapy, NOS												22896	-897				Adenocarcinoma, NOS		yes	Surgery, NOS	no	Pharmaceutical Therapy, NOS	no	Radiation Therapy, NOS																																															Adenomas and Adenocarcinomas	87aa894e-7676-40b7-9557-6541446d8cea	Liver and intrahepatic bile ducts	TCGA-LIHC	TCGA-G3-A6UC
88b6181c-1086-42df-8bb9-1069ec2dc675	-21606		not hispanic or latino	male	asian	Alive	21606	0	1567.0			Hepatocellular carcinoma, NOS		no	Radiation Therapy, NOS	no	Pharmaceutical Therapy, NOS	yes	Surgery, NOS	no	Ablation or Embolization, NOS													G3																																																																																																		Adenomas and Adenocarcinomas	88b6181c-1086-42df-8bb9-1069ec2dc675	Liver and intrahepatic bile ducts	TCGA-LIHC	TCGA-DD-AACU
89791f8f-dc06-4a04-b166-afbfd6cf53de	-28234	802	not hispanic or latino	male	white	Dead	28664	430				Hepatocellular carcinoma, NOS		no	Organ Transplantation	no	Surgery, NOS	unknown	Pharmaceutical Therapy, NOS	unknown	Radiation Therapy, NOS	unknown	Ablation or Embolization, NOS												28234	0	802.0			Hepatocellular carcinoma, NOS		no	Ablation or Embolization, NOS	yes	Surgery, NOS											no	Radiation Therapy, NOS	no	Pharmaceutical Therapy, NOS													G2																																																												Adenomas and Adenocarcinomas	89791f8f-dc06-4a04-b166-afbfd6cf53de	Liver and intrahepatic bile ducts	TCGA-LIHC	TCGA-DD-A4NG
899d8ea5-49dc-4970-8848-ea6ea088a272	-21217		not hispanic or latino	male	asian	Alive	21217	0	2028.0			Hepatocellular carcinoma, NOS		no	Radiation Therapy, NOS	no	Pharmaceutical Therapy, NOS	yes	Surgery, NOS	no	Ablation or Embolization, NOS													G3	23245	2028				Hepatocellular carcinoma, NOS		no	Ablation or Embolization, NOS	no	Radiation Therapy, NOS											no	Surgery, NOS	no	Pharmaceutical Therapy, NOS	no	Organ Transplantation												22917	1700				Hepatocellular carcinoma, NOS		no	Radiation Therapy, NOS	no	Organ Transplantation	no	Pharmaceutical Therapy, NOS	no	Surgery, NOS	no	Ablation or Embolization, NOS																																											Adenomas and Adenocarcinomas	899d8ea5-49dc-4970-8848-ea6ea088a272	Liver and intrahepatic bile ducts	TCGA-LIHC	TCGA-DD-AADR
89d1261c-6d93-4298-a2af-b5ff52be0cb6	-25887		not hispanic or latino	male	asian	Alive	26157	270				Hepatocellular carcinoma, NOS		no	Pharmaceutical Therapy, NOS	yes	Surgery, NOS	no	Radiation Therapy, NOS	no	Organ Transplantation	no	Ablation or Embolization, NOS												25887	0	1145.0			Hepatocellular carcinoma, NOS		no	Ablation or Embolization, NOS	no	Radiation Therapy, NOS											yes	Surgery, NOS	no	Pharmaceutical Therapy, NOS													G3																																																												Adenomas and Adenocarcinomas	89d1261c-6d93-4298-a2af-b5ff52be0cb6	Liver and intrahepatic bile ducts	TCGA-LIHC	TCGA-DD-AADG
8a9cde9a-c38c-423e-bc14-354ee26468c9	-27944	837	not hispanic or latino	male	white	Dead	28542	598				Hepatocellular carcinoma, NOS		no	Radiation Therapy, NOS	no	Pharmaceutical Therapy, NOS	no	Ablation or Embolization, NOS	no	Surgery, NOS	no	Organ Transplantation												27944	0	837.0			Hepatocellular carcinoma, NOS		no	Radiation Therapy, NOS	yes	Surgery, NOS											no	Pharmaceutical Therapy, NOS	no	Ablation or Embolization, NOS													G1																																																												Adenomas and Adenocarcinomas	8a9cde9a-c38c-423e-bc14-354ee26468c9	Liver and intrahepatic bile ducts	TCGA-LIHC	TCGA-BC-A10T
8afa3140-dcbd-44c0-ab13-4ada6a0444d4	-30950		not hispanic or latino	female	white	Alive	30950	0	10.0			Hepatocellular carcinoma, NOS		yes	Surgery, NOS	unknown	Ablation or Embolization, NOS	unknown	Radiation Therapy, NOS	unknown	Pharmaceutical Therapy, NOS													G2																																																																																																		Adenomas and Adenocarcinomas	8afa3140-dcbd-44c0-ab13-4ada6a0444d4	Liver and intrahepatic bile ducts	TCGA-LIHC	TCGA-FV-A496
8e79ea29-787e-4a33-8465-9891776f47ed	-19660		not hispanic or latino	male	asian	Alive	19660	0	1531.0			Hepatocellular carcinoma, NOS		yes	Chemoembolization	no	Radiation Therapy, NOS	no	Pharmaceutical Therapy, NOS	yes	Chemoembolization	yes	Chemoembolization	yes	Surgery, NOS	yes	Chemoembolization	yes	Ablation or Embolization, NOS					G3	20004	344				Hepatocellular carcinoma, NOS		no	Organ Transplantation	no	Pharmaceutical Therapy, NOS											yes	Ablation or Embolization, NOS	no	Radiation Therapy, NOS	no	Surgery, NOS																																																																							Adenomas and Adenocarcinomas	8e79ea29-787e-4a33-8465-9891776f47ed	Liver and intrahepatic bile ducts	TCGA-LIHC	TCGA-DD-AACV
8e938868-d992-47c4-becb-93b0f7fffe07	-16460	300	not hispanic or latino	male	asian	Dead	16679	219				Hepatocellular carcinoma, spindle cell variant		no	Ablation or Embolization, NOS	no	Radiation Therapy, NOS	no	Pharmaceutical Therapy, NOS	no	Organ Transplantation	no	Surgery, NOS												16460	0	300.0			Hepatocellular carcinoma, spindle cell variant		no	Pharmaceutical Therapy, NOS	no	Ablation or Embolization, NOS											yes	Surgery, NOS	no	Radiation Therapy, NOS													G3																																																												Adenomas and Adenocarcinomas	8e938868-d992-47c4-becb-93b0f7fffe07	Liver and intrahepatic bile ducts	TCGA-LIHC	TCGA-CC-A3M9
8eef926b-f316-4fdb-b84a-262010258feb	-20815	214	not hispanic or latino	male	white	Dead	17906	-2909				Adenocarcinoma, NOS		no	Radiation Therapy, NOS	yes	Surgery, NOS	no	Pharmaceutical Therapy, NOS																20815	0				Adenocarcinoma, NOS		no	Pharmaceutical Therapy, NOS	yes	Surgery, NOS											no	Radiation Therapy, NOS																20948	133				Hepatocellular carcinoma, NOS		no	Radiation Therapy, NOS	no	Pharmaceutical Therapy, NOS	no	Surgery, NOS	no	Organ Transplantation	no	Ablation or Embolization, NOS						20815	0	214.0			Hepatocellular carcinoma, NOS		yes	Surgery, NOS	no	Pharmaceutical Therapy, NOS	no	Ablation or Embolization, NOS	no	Radiation Therapy, NOS									G2														Adenomas and Adenocarcinomas	8eef926b-f316-4fdb-b84a-262010258feb	Liver and intrahepatic bile ducts	TCGA-LIHC	TCGA-UB-A7MF
915f531b-8448-41c7-9dfb-9c83062b906e	-20751		not hispanic or latino	male	asian	Alive	20751	0	2455.0			Hepatocellular carcinoma, NOS		no	Pharmaceutical Therapy, NOS	no	Ablation or Embolization, NOS	yes	Surgery, NOS	no	Radiation Therapy, NOS													G3																																																																																																		Adenomas and Adenocarcinomas	915f531b-8448-41c7-9dfb-9c83062b906e	Liver and intrahepatic bile ducts	TCGA-LIHC	TCGA-DD-AAVV
91909c63-debc-42ad-b4be-56870195bdcb	-21633	1088	not hispanic or latino	male	white	Dead	21633	0	1088.0			Hepatocellular carcinoma, NOS		yes	Surgery, NOS	no	Radiation Therapy, NOS	no	Ablation or Embolization, NOS	no	Pharmaceutical Therapy, NOS													G1																																																																																																		Adenomas and Adenocarcinomas	91909c63-debc-42ad-b4be-56870195bdcb	Liver and intrahepatic bile ducts	TCGA-LIHC	TCGA-ZP-A9CV
91a0c8cd-4f23-4569-8e5c-e5442f7af530	-24279	262	not hispanic or latino	male	white	Dead	24437	158				Hepatocellular carcinoma, NOS		no	Organ Transplantation	no	Pharmaceutical Therapy, NOS	no	Ablation or Embolization, NOS	no	Surgery, NOS	no	Radiation Therapy, NOS												24279	0	262.0			Hepatocellular carcinoma, NOS		no	Pharmaceutical Therapy, NOS	no	Ablation or Embolization, NOS											no	Radiation Therapy, NOS	yes	Surgery, NOS													G2	22324	-1955				Basal cell carcinoma, NOS		no	Radiation Therapy, NOS	yes	Surgery, NOS	no	Pharmaceutical Therapy, NOS										24526	247				Hepatocellular carcinoma, NOS		no	Surgery, NOS	no	Organ Transplantation																											Adenomas and Adenocarcinomas	91a0c8cd-4f23-4569-8e5c-e5442f7af530	Liver and intrahepatic bile ducts	TCGA-LIHC	TCGA-4R-AA8I
93afbfa1-4d03-4105-8dda-b095f0ab308a	-27528		not hispanic or latino	male	asian	Alive	27528	0	2102.0			Hepatocellular carcinoma, NOS		yes	Surgery, NOS	no	Pharmaceutical Therapy, NOS	no	Radiation Therapy, NOS	no	Ablation or Embolization, NOS													G2	27628	100				Hepatocellular carcinoma, NOS		no	Ablation or Embolization, NOS	no	Pharmaceutical Therapy, NOS											no	Surgery, NOS	no	Radiation Therapy, NOS	no	Organ Transplantation												27628	100				Hepatocellular carcinoma, NOS		no	Organ Transplantation	yes	Ablation or Embolization, NOS	no	Surgery, NOS	no	Radiation Therapy, NOS	no	Pharmaceutical Therapy, NOS																																											Adenomas and Adenocarcinomas	93afbfa1-4d03-4105-8dda-b095f0ab308a	Liver and intrahepatic bile ducts	TCGA-LIHC	TCGA-DD-AACJ
94e387ae-b641-4e9f-bb53-22c7b2a9cccb	-24046		not hispanic or latino	male	black or african american	Alive	24350	304				Hepatocellular carcinoma, NOS		no	Radiation Therapy, NOS	no	Organ Transplantation	no	Surgery, NOS	no	Ablation or Embolization, NOS	no	Pharmaceutical Therapy, NOS												24197	151				Hepatocellular carcinoma, NOS		no	Surgery, NOS	no	Organ Transplantation											no	Pharmaceutical Therapy, NOS																24046	0	396.0			Hepatocellular carcinoma, NOS		no	Radiation Therapy, NOS	yes	Pharmaceutical Therapy, NOS	no	Ablation or Embolization, NOS	yes	Pharmaceutical Therapy, NOS	yes	Surgery, NOS					G1																																						Adenomas and Adenocarcinomas	94e387ae-b641-4e9f-bb53-22c7b2a9cccb	Liver and intrahepatic bile ducts	TCGA-LIHC	TCGA-3K-AAZ8
959918d7-cb84-4745-a72f-d138176b1ecb	-22997		not hispanic or latino	male	black or african american	Alive	22997	0	570.0			Hepatocellular carcinoma, NOS		no	Ablation or Embolization, NOS	no	Radiation Therapy, NOS	no	Pharmaceutical Therapy, NOS	yes	Surgery, NOS													G1																																																																																																		Adenomas and Adenocarcinomas	959918d7-cb84-4745-a72f-d138176b1ecb	Liver and intrahepatic bile ducts	TCGA-LIHC	TCGA-EP-A12J
95b97198-1a1b-4f01-90f3-6c66638371d1	-21318	724	hispanic or latino	male	white	Dead	21420	102				Hepatocellular carcinoma, NOS		no	Organ Transplantation	no	Pharmaceutical Therapy, NOS	no	Surgery, NOS	no	Radiation Therapy, NOS	no	Ablation or Embolization, NOS												21318	0	724.0			Hepatocellular carcinoma, NOS		no	Ablation or Embolization, NOS	no	Radiation Therapy, NOS											yes	Surgery, NOS	no	Pharmaceutical Therapy, NOS													G2																																																												Adenomas and Adenocarcinomas	95b97198-1a1b-4f01-90f3-6c66638371d1	Liver and intrahepatic bile ducts	TCGA-LIHC	TCGA-2Y-A9GS
96d42ecc-1157-453a-9661-9248ddf8f273	-16760		not hispanic or latino	male	asian	Alive	16760	0	458.0			Hepatocellular carcinoma, NOS		no	Ablation or Embolization, NOS	no	Pharmaceutical Therapy, NOS	no	Radiation Therapy, NOS	yes	Surgery, NOS													G3																																																																																																		Adenomas and Adenocarcinomas	96d42ecc-1157-453a-9661-9248ddf8f273	Liver and intrahepatic bile ducts	TCGA-LIHC	TCGA-DD-AADP
97472e71-66eb-434b-81b0-d727765f44cb	-15928		not hispanic or latino	female	asian	Alive	15928	0	1085.0			Hepatocellular carcinoma, NOS		no	Pharmaceutical Therapy, NOS	no	Radiation Therapy, NOS	yes	Surgery, NOS	no	Ablation or Embolization, NOS													G3																																																																																																		Adenomas and Adenocarcinomas	97472e71-66eb-434b-81b0-d727765f44cb	Liver and intrahepatic bile ducts	TCGA-LIHC	TCGA-DD-AADI
994347ba-3045-4ade-926f-06420fbd906c	-24934	1622	not hispanic or latino	male	asian	Dead	25762	828				Hepatocellular carcinoma, NOS		no	Organ Transplantation	yes	Radiation Therapy, NOS	yes	Surgery, NOS	no	Ablation or Embolization, NOS	no	Pharmaceutical Therapy, NOS												24934	0	1622.0			Hepatocellular carcinoma, NOS		no	Ablation or Embolization, NOS	yes	Radiation, Systemic											yes	Surgery, NOS	no	Pharmaceutical Therapy, NOS													G3																																																												Adenomas and Adenocarcinomas	994347ba-3045-4ade-926f-06420fbd906c	Liver and intrahepatic bile ducts	TCGA-LIHC	TCGA-DD-A116
9a56d8a8-dadd-442e-bc09-732cd619aef7	-25671		not hispanic or latino	male	white	Alive	25671	0	621.0			Hepatocellular carcinoma, NOS		no	Pharmaceutical Therapy, NOS	no	Ablation or Embolization, NOS	no	Radiation Therapy, NOS	yes	Surgery, NOS													G2																																																																																																		Adenomas and Adenocarcinomas	9a56d8a8-dadd-442e-bc09-732cd619aef7	Liver and intrahepatic bile ducts	TCGA-LIHC	TCGA-G3-A5SL
9aea3437-572a-48c6-beb9-9bdbcb243875	-26011	1791	not hispanic or latino	male	white	Dead	27296	1285				Hepatocellular carcinoma, NOS		no	Organ Transplantation	no	Radiation Therapy, NOS	yes	Surgery, NOS	no	Ablation or Embolization, NOS	yes	Pharmaceutical Therapy, NOS												26950	939				Hepatocellular carcinoma, NOS		no	Surgery, NOS	no	Radiation Therapy, NOS											yes	Ablation or Embolization, NOS	no	Organ Transplantation	yes	Pharmaceutical Therapy, NOS												26011	0	1791.0			Hepatocellular carcinoma, NOS		yes	Surgery, NOS	no	Pharmaceutical Therapy, NOS	no	Ablation or Embolization, NOS	no	Radiation Therapy, NOS							G1	26117	106				Hepatocellular carcinoma, NOS		yes	Radiation Therapy, NOS	no	Pharmaceutical Therapy, NOS	yes	Ablation or Embolization, NOS	no	Surgery, NOS	no	Organ Transplantation																					Adenomas and Adenocarcinomas	9aea3437-572a-48c6-beb9-9bdbcb243875	Liver and intrahepatic bile ducts	TCGA-LIHC	TCGA-NI-A4U2
9b69d7f9-38eb-48e1-bdc0-a092a53bc709	-16443		hispanic or latino	male	white	Alive	16443	0	1516.0			Hepatocellular carcinoma, NOS		no	Pharmaceutical Therapy, NOS	yes	Surgery, NOS	yes	Radioembolization	yes	Ablation or Embolization, NOS	no	Radiation Therapy, NOS											G1	16465	22				Hepatocellular carcinoma, NOS		no	Pharmaceutical Therapy, NOS	yes	Ablation or Embolization, NOS											no	Surgery, NOS	no	Radiation Therapy, NOS	no	Organ Transplantation																																																																							Adenomas and Adenocarcinomas	9b69d7f9-38eb-48e1-bdc0-a092a53bc709	Liver and intrahepatic bile ducts	TCGA-LIHC	TCGA-2Y-A9H3
9f056388-7529-4fd1-af11-c82cc350f51c	-20139		not hispanic or latino	male	asian	Alive	20139	0	453.0			Hepatocellular carcinoma, NOS		no	Radiation Therapy, NOS	yes	Surgery, NOS	no	Pharmaceutical Therapy, NOS	no	Ablation or Embolization, NOS													G3																																																																																																		Adenomas and Adenocarcinomas	9f056388-7529-4fd1-af11-c82cc350f51c	Liver and intrahepatic bile ducts	TCGA-LIHC	TCGA-DD-AADO
9fc30c21-2c78-4843-a658-fe84a64b8fad	-20586		not hispanic or latino	male	asian	Alive	20586	0	1823.0			Hepatocellular carcinoma, NOS		no	Ablation or Embolization, NOS	no	Radiation Therapy, NOS	yes	Surgery, NOS	no	Pharmaceutical Therapy, NOS													G2																																																																																																		Adenomas and Adenocarcinomas	9fc30c21-2c78-4843-a658-fe84a64b8fad	Liver and intrahepatic bile ducts	TCGA-LIHC	TCGA-DD-AAVS
a396e048-5aa0-4d71-96bd-7f4fdf6934aa	-7556		not hispanic or latino	female	asian	Alive	7556	0	390.0			Hepatocellular carcinoma, NOS		no	Pharmaceutical Therapy, NOS	yes	Ablation, Ethanol Injection	yes	Ablation or Embolization, NOS	yes	Surgery, NOS	no	Radiation Therapy, NOS	yes	Ablation, Ethanol Injection	yes	Ablation, Ethanol Injection							G3																																																																																																		Adenomas and Adenocarcinomas	a396e048-5aa0-4d71-96bd-7f4fdf6934aa	Liver and intrahepatic bile ducts	TCGA-LIHC	TCGA-ED-A7PY
a4af0084-edd4-4dcd-8975-4a59ee5da64c	-27303		not hispanic or latino	male	white	Alive	27303	0	423.0			Hepatocellular carcinoma, NOS		unknown	Ablation or Embolization, NOS	unknown	Radiation Therapy, NOS	yes	Surgery, NOS	unknown	Pharmaceutical Therapy, NOS													G2																																																																																																		Adenomas and Adenocarcinomas	a4af0084-edd4-4dcd-8975-4a59ee5da64c	Liver and intrahepatic bile ducts	TCGA-LIHC	TCGA-ED-A627
a5e4412b-0e49-4d86-9cce-71f440a84048	-23437	558	not hispanic or latino	female	white	Dead	23604	167				Hepatocellular carcinoma, NOS		no	Organ Transplantation	yes	Ablation or Embolization, NOS	yes	Pharmaceutical Therapy, NOS	no	Radiation Therapy, NOS	no	Surgery, NOS												23437	0	558.0			Hepatocellular carcinoma, NOS		yes	Chemotherapy	yes	Surgery, NOS											yes	Ablation, Radiofrequency	yes	Chemoembolization	yes	Ablation or Embolization, NOS	no	Radiation Therapy, NOS									G2	23604	167				Hepatocellular carcinoma, NOS		yes	Ablation or Embolization, NOS	yes	Pharmaceutical Therapy, NOS	no	Surgery, NOS	no	Radiation Therapy, NOS	no	Organ Transplantation																																											Adenomas and Adenocarcinomas	a5e4412b-0e49-4d86-9cce-71f440a84048	Liver and intrahepatic bile ducts	TCGA-LIHC	TCGA-DD-A1EK
a61f823b-9164-4bd6-92f4-0a8d8ff0f55e	-21764		not hispanic or latino	female	asian	Alive	21764	0	141.0			Hepatocellular carcinoma, NOS		no	Pharmaceutical Therapy, NOS	no	Radiation Therapy, NOS	yes	Surgery, NOS	no	Ablation or Embolization, NOS													G2	21869	105				Hepatocellular carcinoma, NOS		no	Radiation Therapy, NOS	no	Pharmaceutical Therapy, NOS											yes	Ablation or Embolization, NOS	no	Organ Transplantation	no	Surgery, NOS																																																																							Adenomas and Adenocarcinomas	a61f823b-9164-4bd6-92f4-0a8d8ff0f55e	Liver and intrahepatic bile ducts	TCGA-LIHC	TCGA-DD-AAE6
a62f065e-7491-493a-87b3-d213cd87091d	-27649		not hispanic or latino	male	white	Alive	27649	0	9.0			Hepatocellular carcinoma, NOS		unknown	Radiation Therapy, NOS	no	Ablation or Embolization, NOS	yes	Surgery, NOS	unknown	Pharmaceutical Therapy, NOS													G3																																																																																																		Adenomas and Adenocarcinomas	a62f065e-7491-493a-87b3-d213cd87091d	Liver and intrahepatic bile ducts	TCGA-LIHC	TCGA-RC-A6M6
a6733fa1-030a-45ed-9c24-0e64164d4998	-19556	65	not hispanic or latino	female	white	Dead	19600	44				Hepatocellular carcinoma, NOS		no	Organ Transplantation	no	Ablation or Embolization, NOS	no	Pharmaceutical Therapy, NOS	no	Radiation Therapy, NOS	no	Surgery, NOS												19556	0	65.0			Hepatocellular carcinoma, NOS		yes	Surgery, NOS	no	Ablation or Embolization, NOS											no	Pharmaceutical Therapy, NOS	no	Radiation Therapy, NOS													G3																																																												Adenomas and Adenocarcinomas	a6733fa1-030a-45ed-9c24-0e64164d4998	Liver and intrahepatic bile ducts	TCGA-LIHC	TCGA-G3-AAV6
a6a3f07c-ced4-451b-b2e5-c93e4ed622c1	-22638	2456	not hispanic or latino	female	white	Dead	22638	0	2456.0			Hepatocellular carcinoma, NOS		yes	Surgery, NOS	yes	Radiation, Systemic	no	Ablation or Embolization, NOS	yes	Chemotherapy	yes	Chemotherapy	yes	Chemotherapy	yes	Chemotherapy							G2	23531	893				Hepatocellular carcinoma, NOS		yes	Surgery, NOS	no	Radiation Therapy, NOS											no	Ablation or Embolization, NOS	no	Pharmaceutical Therapy, NOS	no	Organ Transplantation												23729	1091				Hepatocellular carcinoma, NOS		yes	Pharmaceutical Therapy, NOS	no	Surgery, NOS	yes	Radiation Therapy, NOS	no	Organ Transplantation	no	Ablation or Embolization, NOS						23531	893				Hepatocellular carcinoma, NOS		yes	Surgery, NOS	yes	Pharmaceutical Therapy, NOS	no	Organ Transplantation	yes	Radiation Therapy, NOS																							Adenomas and Adenocarcinomas	a6a3f07c-ced4-451b-b2e5-c93e4ed622c1	Liver and intrahepatic bile ducts	TCGA-LIHC	TCGA-DD-A4NS
a6af3061-1484-4f6c-bb4b-c8f4626b4161	-12863	129	not hispanic or latino	male	asian	Dead	12863	0	129.0			Hepatocellular carcinoma, NOS		no	Pharmaceutical Therapy, NOS	yes	Surgery, NOS	no	Radiation Therapy, NOS	no	Ablation or Embolization, NOS													G1																																																																																																		Adenomas and Adenocarcinomas	a6af3061-1484-4f6c-bb4b-c8f4626b4161	Liver and intrahepatic bile ducts	TCGA-LIHC	TCGA-CC-5263
a6c0def6-7649-485a-a679-50dafb5eade5	-23441		not hispanic or latino	male	white	Alive	23441	0	291.0			Hepatocellular carcinoma, NOS		no	Ablation or Embolization, NOS	no	Pharmaceutical Therapy, NOS	no	Radiation Therapy, NOS	yes	Surgery, NOS													G3																																																																																																		Adenomas and Adenocarcinomas	a6c0def6-7649-485a-a679-50dafb5eade5	Liver and intrahepatic bile ducts	TCGA-LIHC	TCGA-MI-A75C
a96b67ba-6180-4b80-8792-877860421ca0	-22234		not hispanic or latino	female	asian	Alive	22234	0	408.0			Hepatocellular carcinoma, NOS		yes	Surgery, NOS	no	Radiation Therapy, NOS	no	Ablation or Embolization, NOS	unknown	Pharmaceutical Therapy, NOS													G2																																																																																																		Adenomas and Adenocarcinomas	a96b67ba-6180-4b80-8792-877860421ca0	Liver and intrahepatic bile ducts	TCGA-LIHC	TCGA-ED-A82E
aaf7c9b5-6cb7-42bf-a0d1-07975eae3be9	-20079		not hispanic or latino	male	asian	Alive	20357	278				Hepatocellular carcinoma, NOS		no	Pharmaceutical Therapy, NOS	no	Radiation Therapy, NOS	no	Organ Transplantation	no	Surgery, NOS	no	Ablation or Embolization, NOS												20079	0	399.0			Hepatocellular carcinoma, NOS		unknown	Ablation or Embolization, NOS	unknown	Radiation Therapy, NOS											yes	Surgery, NOS	unknown	Pharmaceutical Therapy, NOS													G3																																																												Adenomas and Adenocarcinomas	aaf7c9b5-6cb7-42bf-a0d1-07975eae3be9	Liver and intrahepatic bile ducts	TCGA-LIHC	TCGA-CC-A7II
ab35c9f9-3040-424d-a89f-dff3a1365bc6	-13739	612	not hispanic or latino	male	white	Dead	13826	87				Hepatocellular carcinoma, NOS		no	Surgery, NOS	yes	Pharmaceutical Therapy, NOS	no	Organ Transplantation	yes	Ablation or Embolization, NOS	no	Radiation Therapy, NOS												13739	0	612.0			Hepatocellular carcinoma, NOS		yes	Chemotherapy	yes	Chemoembolization											yes	Surgery, NOS	no	Radiation Therapy, NOS	yes	Chemoembolization	yes	Chemoembolization	yes	Ablation or Embolization, NOS							G3																																																												Adenomas and Adenocarcinomas	ab35c9f9-3040-424d-a89f-dff3a1365bc6	Liver and intrahepatic bile ducts	TCGA-LIHC	TCGA-DD-A3A4
abbcf6bd-4683-45ac-947a-51ae6ef0a244	-22727		not hispanic or latino	male	asian	Alive	24006	1279				Hepatocellular carcinoma, NOS		no	Organ Transplantation	no	Surgery, NOS	no	Radiation Therapy, NOS	yes	Ablation or Embolization, NOS	no	Pharmaceutical Therapy, NOS												22727	0	2184.0			Hepatocellular carcinoma, NOS		no	Radiation Therapy, NOS	no	Ablation or Embolization, NOS											no	Pharmaceutical Therapy, NOS	yes	Surgery, NOS													G3																																																												Adenomas and Adenocarcinomas	abbcf6bd-4683-45ac-947a-51ae6ef0a244	Liver and intrahepatic bile ducts	TCGA-LIHC	TCGA-DD-AACE
ac6a1e0c-dba0-4b21-b12b-a501ed796bec	-18911		not hispanic or latino	male	asian	Alive	18911	0	347.0			Hepatocellular carcinoma, NOS		no	Pharmaceutical Therapy, NOS	no	Ablation or Embolization, NOS	no	Radiation Therapy, NOS	yes	Surgery, NOS													G2																																																																																																		Adenomas and Adenocarcinomas	ac6a1e0c-dba0-4b21-b12b-a501ed796bec	Liver and intrahepatic bile ducts	TCGA-LIHC	TCGA-DD-AAC9
acfd58eb-c546-49c3-a846-684f22428219	-21814		not hispanic or latino	male	asian	Alive	22126	312				Hepatocellular carcinoma, NOS		no	Radiation Therapy, NOS	no	Surgery, NOS	no	Organ Transplantation	yes	Ablation or Embolization, NOS	no	Pharmaceutical Therapy, NOS												21814	0	472.0			Hepatocellular carcinoma, NOS		yes	Surgery, NOS	no	Radiation Therapy, NOS											no	Pharmaceutical Therapy, NOS	no	Ablation or Embolization, NOS													G3																																																												Adenomas and Adenocarcinomas	acfd58eb-c546-49c3-a846-684f22428219	Liver and intrahepatic bile ducts	TCGA-LIHC	TCGA-RC-A7SK
ad9657aa-34e9-48b1-ba63-916fe7bd14bb	-24027		not hispanic or latino	male	asian	Alive	24027	0	575.0			Hepatocellular carcinoma, NOS		yes	Surgery, NOS	no	Radiation Therapy, NOS	no	Ablation or Embolization, NOS	no	Pharmaceutical Therapy, NOS													G3	22733	-1294				Squamous cell carcinoma, NOS		no	Pharmaceutical Therapy, NOS	no	Radiation Therapy, NOS											yes	Surgery, NOS																																																																											Adenomas and Adenocarcinomas	ad9657aa-34e9-48b1-ba63-916fe7bd14bb	Liver and intrahepatic bile ducts	TCGA-LIHC	TCGA-DD-AAEA
ae8d4b34-d40a-482d-9d45-23242843df00	-21985		not hispanic or latino	male	white	Alive	22091	106				Hepatocellular carcinoma, NOS		yes	Ablation or Embolization, NOS	no	Surgery, NOS	no	Pharmaceutical Therapy, NOS	yes	Radiation Therapy, NOS	no	Organ Transplantation												22091	106				Hepatocellular carcinoma, NOS		no	Surgery, NOS	yes	Ablation or Embolization, NOS											no	Radiation Therapy, NOS	no	Organ Transplantation	no	Pharmaceutical Therapy, NOS												21985	0	327.0			Hepatocellular carcinoma, NOS		no	Ablation or Embolization, NOS	yes	Chemoembolization	no	Pharmaceutical Therapy, NOS	yes	Ablation, Radiofrequency	yes	Surgery, NOS	yes	Chemoembolization	no	Radiation Therapy, NOS	G2																																						Adenomas and Adenocarcinomas	ae8d4b34-d40a-482d-9d45-23242843df00	Liver and intrahepatic bile ducts	TCGA-LIHC	TCGA-UB-AA0U
ae99d9fd-1735-4217-b4ef-33b377fbd594	-25889	785	not hispanic or latino	male	white	Dead	25889	0	785.0			Hepatocellular carcinoma, NOS		no	Ablation or Embolization, NOS	yes	Surgery, NOS	no	Pharmaceutical Therapy, NOS	no	Radiation Therapy, NOS													G2	26248	359				Not Reported		no	Surgery, NOS	no	Pharmaceutical Therapy, NOS											no	Ablation or Embolization, NOS	no	Organ Transplantation	yes	Radiation Therapy, NOS																																																																							Adenomas and Adenocarcinomas	ae99d9fd-1735-4217-b4ef-33b377fbd594	Liver and intrahepatic bile ducts	TCGA-LIHC	TCGA-DD-A3A0
aeb17d2b-fa8c-4989-bf3a-d2c74b785455	-20188		not hispanic or latino	female	white	Alive	21864	1676				Hepatocellular carcinoma, NOS		yes	Surgery, NOS	no	Organ Transplantation	no	Pharmaceutical Therapy, NOS	no	Radiation Therapy, NOS	yes	Ablation or Embolization, NOS												20188	0	2425.0			Hepatocellular carcinoma, NOS		no	Ablation or Embolization, NOS	yes	Ablation, NOS											no	Radiation Therapy, NOS	yes	Surgery, NOS	yes	Ablation, NOS	no	Pharmaceutical Therapy, NOS	yes	Ablation, NOS							G3																																																												Adenomas and Adenocarcinomas	aeb17d2b-fa8c-4989-bf3a-d2c74b785455	Liver and intrahepatic bile ducts	TCGA-LIHC	TCGA-DD-A113
af1e56af-410c-4cad-a4e8-1c6937f1a350	-8951		not hispanic or latino	male	white	Alive	8999	48				Hepatocellular carcinoma, NOS		yes	Ablation or Embolization, NOS	no	Radiation Therapy, NOS	yes	Pharmaceutical Therapy, NOS	no	Surgery, NOS	no	Organ Transplantation												8951	0	601.0			Hepatocellular carcinoma, NOS		no	Ablation or Embolization, NOS	yes	Chemotherapy	yes	Surgery, NOS	no	Radiation Therapy, NOS	yes	Chemotherapy	yes	Targeted Molecular Therapy	yes	Chemoembolization	yes	Chemoembolization	yes	Targeted Molecular Therapy	yes	Chemoembolization	yes	Radioembolization	yes	Ablation, Radiofrequency	yes	Chemoembolization	yes	Chemoembolization	yes	Targeted Molecular Therapy	G3																																																												Adenomas and Adenocarcinomas	af1e56af-410c-4cad-a4e8-1c6937f1a350	Liver and intrahepatic bile ducts	TCGA-LIHC	TCGA-UB-A7MB
afcb9708-92b3-4727-9c0d-63e7ff22d87b	-14016		not hispanic or latino	male	asian	Alive	14409	393				Hepatocellular carcinoma, NOS		no	Organ Transplantation	no	Surgery, NOS	yes	Pharmaceutical Therapy, NOS	no	Ablation or Embolization, NOS	yes	Radiation Therapy, NOS												14016	0	1718.0			Hepatocellular carcinoma, NOS		yes	Surgery, NOS	yes	Pharmaceutical Therapy, NOS											yes	Radiation Therapy, NOS	yes	Ablation or Embolization, NOS													G2	14409	393				Hepatocellular carcinoma, NOS		yes	Pharmaceutical Therapy, NOS	yes	Ablation or Embolization, NOS	no	Surgery, NOS	no	Radiation Therapy, NOS	no	Organ Transplantation						14409	393				Hepatocellular carcinoma, NOS		no	Pharmaceutical Therapy, NOS	yes	Ablation or Embolization, NOS	no	Organ Transplantation	no	Surgery, NOS	no	Radiation Therapy, NOS																					Adenomas and Adenocarcinomas	afcb9708-92b3-4727-9c0d-63e7ff22d87b	Liver and intrahepatic bile ducts	TCGA-LIHC	TCGA-DD-AAVX
b0952fd6-62ee-44ef-9a2a-e5262ed4721a	-17636		not hispanic or latino	male	black or african american	Alive	17636	0	94.0			Hepatocellular carcinoma, NOS		no	Pharmaceutical Therapy, NOS	yes	Surgery, NOS	no	Radiation Therapy, NOS	no	Ablation or Embolization, NOS													G2	17724	88				Hepatocellular carcinoma, NOS		no	Ablation or Embolization, NOS	no	Radiation Therapy, NOS											no	Organ Transplantation	unknown	Pharmaceutical Therapy, NOS	no	Surgery, NOS																																																																							Adenomas and Adenocarcinomas	b0952fd6-62ee-44ef-9a2a-e5262ed4721a	Liver and intrahepatic bile ducts	TCGA-LIHC	TCGA-QA-A7B7
b181b591-269c-4e48-b681-243d28772025	-24359		hispanic or latino	male	not reported	Alive	24359	0	260.0			Hepatocellular carcinoma, NOS		unknown	Ablation or Embolization, NOS	unknown	Pharmaceutical Therapy, NOS	unknown	Radiation Therapy, NOS	yes	Surgery, NOS													G2																																																																																																		Adenomas and Adenocarcinomas	b181b591-269c-4e48-b681-243d28772025	Liver and intrahepatic bile ducts	TCGA-LIHC	TCGA-2Y-A9HB
b44f664c-444c-4c64-a407-52fd9b55f178	-18752		not hispanic or latino	male	asian	Alive	18752	0	1231.0			Hepatocellular carcinoma, NOS		no	Pharmaceutical Therapy, NOS	yes	Surgery, NOS	no	Radiation Therapy, NOS	no	Ablation or Embolization, NOS													G4																																																																																																		Adenomas and Adenocarcinomas	b44f664c-444c-4c64-a407-52fd9b55f178	Liver and intrahepatic bile ducts	TCGA-LIHC	TCGA-DD-AADD
b5465221-78fe-40a8-abec-bed600602dd4	-26224		not hispanic or latino	male	white	Alive	26224	0	180.0			Hepatocellular carcinoma, NOS		unknown	Radiation Therapy, NOS	unknown	Pharmaceutical Therapy, NOS	yes	Surgery, NOS	unknown	Ablation or Embolization, NOS													G2																																																																																																		Adenomas and Adenocarcinomas	b5465221-78fe-40a8-abec-bed600602dd4	Liver and intrahepatic bile ducts	TCGA-LIHC	TCGA-G3-A3CI
b54df65f-8a6b-4405-9918-90d53418804c	-22319	278	not hispanic or latino	male	asian	Dead	22319	0	278.0			Hepatocellular carcinoma, NOS		unknown	Radiation Therapy, NOS	unknown	Ablation or Embolization, NOS	unknown	Pharmaceutical Therapy, NOS	yes	Surgery, NOS													G1	22498	179				Hepatocellular carcinoma, NOS		no	Pharmaceutical Therapy, NOS	no	Organ Transplantation											no	Surgery, NOS	no	Ablation or Embolization, NOS	no	Radiation Therapy, NOS																																																																							Adenomas and Adenocarcinomas	b54df65f-8a6b-4405-9918-90d53418804c	Liver and intrahepatic bile ducts	TCGA-LIHC	TCGA-CC-A7IL
b5bef77a-f46c-406c-9aa8-55f7a61aa885	-19174	469	not hispanic or latino	male	asian	Dead	19299	125				Hepatocellular carcinoma, NOS		no	Radiation Therapy, NOS	no	Surgery, NOS	no	Organ Transplantation	no	Pharmaceutical Therapy, NOS	yes	Ablation or Embolization, NOS												19174	0	469.0			Hepatocellular carcinoma, NOS		yes	Surgery, NOS	no	Pharmaceutical Therapy, NOS											no	Radiation Therapy, NOS	no	Ablation or Embolization, NOS													G4																																																												Adenomas and Adenocarcinomas	b5bef77a-f46c-406c-9aa8-55f7a61aa885	Liver and intrahepatic bile ducts	TCGA-LIHC	TCGA-DD-AACG
b6c0266a-cf34-464a-808d-1d3c28dc90f2	-26136		not hispanic or latino	male	white	Alive	26136	0	728.0			Hepatocellular carcinoma, NOS		no	Radiation Therapy, NOS	no	Pharmaceutical Therapy, NOS	yes	Surgery, NOS	no	Ablation or Embolization, NOS													G2																																																																																																		Adenomas and Adenocarcinomas	b6c0266a-cf34-464a-808d-1d3c28dc90f2	Liver and intrahepatic bile ducts	TCGA-LIHC	TCGA-DD-A73A
b75ca9e4-a474-4960-9343-c8e9524cd096	-12947		not hispanic or latino	male	asian	Alive	12947	0	406.0			Hepatocellular carcinoma, NOS		unknown	Ablation or Embolization, NOS	no	Pharmaceutical Therapy, NOS	yes	Surgery, NOS	unknown	Radiation Therapy, NOS													G3	13071	124				Not Reported																																	13071	124				Hepatocellular carcinoma, NOS		no	Ablation or Embolization, NOS	yes	Surgery, NOS	unknown	Radiation Therapy, NOS	no	Organ Transplantation	no	Pharmaceutical Therapy, NOS																																											Adenomas and Adenocarcinomas	b75ca9e4-a474-4960-9343-c8e9524cd096	Liver and intrahepatic bile ducts	TCGA-LIHC	TCGA-ED-A66X
b7d6621c-8bce-4a01-8588-9d7761d9372b	-25677		not hispanic or latino	male	white	Alive	25677	0	608.0			Hepatocellular carcinoma, NOS		no	Radiation Therapy, NOS	yes	Surgery, NOS	no	Pharmaceutical Therapy, NOS	no	Ablation or Embolization, NOS													G2																																																																																																		Adenomas and Adenocarcinomas	b7d6621c-8bce-4a01-8588-9d7761d9372b	Liver and intrahepatic bile ducts	TCGA-LIHC	TCGA-EP-A26S
b865dec4-f051-4fbe-9405-f832ff2010d7	-23571	416	not hispanic or latino	male	white	Dead	23608	37				Hepatocellular carcinoma, NOS		yes	Pharmaceutical Therapy, NOS	no	Surgery, NOS	yes	Radiation Therapy, NOS																23571	0	416.0			Hepatocellular carcinoma, NOS		yes	Surgery, NOS	yes	Chemotherapy											no	Ablation or Embolization, NOS	yes	Chemotherapy	yes	Radiation, External Beam											G2																																																												Adenomas and Adenocarcinomas	b865dec4-f051-4fbe-9405-f832ff2010d7	Liver and intrahepatic bile ducts	TCGA-LIHC	TCGA-G3-A25S
b929ece7-6caf-4081-83d3-9923306b4a8a	-16549		not hispanic or latino	male	asian	Alive	16549	0	664.0			Hepatocellular carcinoma, NOS		no	Ablation or Embolization, NOS	no	Pharmaceutical Therapy, NOS	yes	Surgery, NOS	no	Radiation Therapy, NOS	yes	Chemoembolization											G3	16662	113				Hepatocellular carcinoma, NOS		no	Organ Transplantation	no	Radiation Therapy, NOS											yes	Ablation or Embolization, NOS	no	Pharmaceutical Therapy, NOS	no	Surgery, NOS												16577	28				Hepatocellular carcinoma, NOS		yes	Ablation or Embolization, NOS	no	Radiation Therapy, NOS	no	Surgery, NOS	no	Pharmaceutical Therapy, NOS	no	Organ Transplantation						16539	-10				Adenocarcinoma, NOS		no	Pharmaceutical Therapy, NOS	yes	Surgery, NOS	no	Radiation Therapy, NOS																									Adenomas and Adenocarcinomas	b929ece7-6caf-4081-83d3-9923306b4a8a	Liver and intrahepatic bile ducts	TCGA-LIHC	TCGA-DD-AAE8
b96b7620-5506-4def-aff2-5e888eaf3ea5	-20548	899	not hispanic or latino	female	white	Dead	20714	166				Hepatocellular carcinoma, NOS		no	Surgery, NOS	no	Ablation or Embolization, NOS	no	Organ Transplantation	no	Pharmaceutical Therapy, NOS	no	Radiation Therapy, NOS												20548	0	899.0			Hepatocellular carcinoma, NOS		no	Radiation Therapy, NOS	no	Pharmaceutical Therapy, NOS											no	Ablation or Embolization, NOS	yes	Surgery, NOS													G3	20714	166				Hepatocellular carcinoma, NOS																																																						Adenomas and Adenocarcinomas	b96b7620-5506-4def-aff2-5e888eaf3ea5	Liver and intrahepatic bile ducts	TCGA-LIHC	TCGA-DD-A4NN
b9835dc5-bf31-4541-a973-e8ca802d80ba	-23207		not hispanic or latino	female	asian	Alive	23207	0	1636.0			Hepatocellular carcinoma, NOS		no	Radiation Therapy, NOS	no	Ablation or Embolization, NOS	no	Pharmaceutical Therapy, NOS	yes	Surgery, NOS													G3																																																																																																		Adenomas and Adenocarcinomas	b9835dc5-bf31-4541-a973-e8ca802d80ba	Liver and intrahepatic bile ducts	TCGA-LIHC	TCGA-G3-A25U
bb2069d3-e699-4a8a-bb61-b3c28b98a66b	-25188	412	hispanic or latino	male	white	Dead	25188	0	412.0			Hepatocellular carcinoma, NOS		yes	Pharmaceutical Therapy, NOS	yes	Surgery, NOS	no	Radiation Therapy, NOS	no	Ablation or Embolization, NOS													G3	25586	398				Hepatocellular carcinoma, NOS																																	25586	398				Hepatocellular carcinoma, NOS																																																						Adenomas and Adenocarcinomas	bb2069d3-e699-4a8a-bb61-b3c28b98a66b	Liver and intrahepatic bile ducts	TCGA-LIHC	TCGA-YA-A8S7
bc3502bc-bbf6-44f2-a1f4-d1567819aefb	-24982		not hispanic or latino	female	white	Alive	22868	-2114				Not Reported		yes	Surgery, NOS	no	Pharmaceutical Therapy, NOS	no	Radiation Therapy, NOS																24982	0	357.0			Hepatocellular carcinoma, NOS		unknown	Ablation or Embolization, NOS	unknown	Radiation Therapy, NOS											yes	Surgery, NOS	unknown	Pharmaceutical Therapy, NOS													G2																																																												Adenomas and Adenocarcinomas	bc3502bc-bbf6-44f2-a1f4-d1567819aefb	Liver and intrahepatic bile ducts	TCGA-LIHC	TCGA-2Y-A9H6
bce25281-502e-4599-9679-32dc8462ffb1	-27549	660	hispanic or latino	female	white	Dead	27739	190				Hepatocellular carcinoma, NOS		no	Organ Transplantation	no	Ablation or Embolization, NOS	no	Pharmaceutical Therapy, NOS	no	Radiation Therapy, NOS	no	Surgery, NOS												27549	0	660.0			Hepatocellular carcinoma, NOS		yes	Surgery, NOS	yes	Chemotherapy											no	Ablation or Embolization, NOS	no	Radiation Therapy, NOS													G3																																																												Adenomas and Adenocarcinomas	bce25281-502e-4599-9679-32dc8462ffb1	Liver and intrahepatic bile ducts	TCGA-LIHC	TCGA-DD-A4NE
bd48fa5e-0152-46f0-a4fa-8cf723ff2dcd	-18740		not hispanic or latino	female	white	Alive	18740	0	1.0			Hepatocellular carcinoma, NOS		unknown	Ablation or Embolization, NOS	unknown	Radiation Therapy, NOS	unknown	Pharmaceutical Therapy, NOS	yes	Surgery, NOS													G2																																																																																																		Adenomas and Adenocarcinomas	bd48fa5e-0152-46f0-a4fa-8cf723ff2dcd	Liver and intrahepatic bile ducts	TCGA-LIHC	TCGA-FV-A495
bd627786-31a8-46d9-b3e2-7f489d50f608	-21853		not hispanic or latino	female	asian	Alive	21853	0	719.0			Hepatocellular carcinoma, NOS		yes	Surgery, NOS	no	Pharmaceutical Therapy, NOS	no	Ablation or Embolization, NOS	no	Radiation Therapy, NOS													G3	21849	-4				Squamous cell carcinoma, NOS		no	Pharmaceutical Therapy, NOS	no	Radiation Therapy, NOS											yes	Surgery, NOS																																																																											Adenomas and Adenocarcinomas	bd627786-31a8-46d9-b3e2-7f489d50f608	Liver and intrahepatic bile ducts	TCGA-LIHC	TCGA-DD-AAEG
be1240f0-34dc-4205-b152-c26f11d28462	-18846		not hispanic or latino	male	asian	Alive	18846	0	486.0			Hepatocellular carcinoma, NOS		yes	Surgery, NOS	no	Ablation or Embolization, NOS	no	Pharmaceutical Therapy, NOS	no	Radiation Therapy, NOS													G2																																																																																																		Adenomas and Adenocarcinomas	be1240f0-34dc-4205-b152-c26f11d28462	Liver and intrahepatic bile ducts	TCGA-LIHC	TCGA-UB-A7ME
bed1d731-e382-4b80-9604-e6dd68d9c0ab	-24769	171	not hispanic or latino	male	asian	Dead	24769	0	171.0			Hepatocellular carcinoma, NOS		no	Ablation or Embolization, NOS	yes	Surgery, NOS	no	Radiation Therapy, NOS	no	Pharmaceutical Therapy, NOS													G3																																																																																																		Adenomas and Adenocarcinomas	bed1d731-e382-4b80-9604-e6dd68d9c0ab	Liver and intrahepatic bile ducts	TCGA-LIHC	TCGA-DD-A39Y
bee9d6c8-948f-4b76-97ca-b985064249ef	-24603		not hispanic or latino	female	white	Alive	24603	0	1008.0			Hepatocellular carcinoma, NOS		yes	Surgery, NOS	unknown	Ablation or Embolization, NOS	unknown	Pharmaceutical Therapy, NOS	unknown	Radiation Therapy, NOS													G3																																																																																																		Adenomas and Adenocarcinomas	bee9d6c8-948f-4b76-97ca-b985064249ef	Liver and intrahepatic bile ducts	TCGA-LIHC	TCGA-DD-A4NA
c05720fe-19c1-4cff-819b-6806b26fc312	-22111	373	hispanic or latino	male	white	Dead	22237	126				Hepatocellular carcinoma, NOS		no	Radiation Therapy, NOS	yes	Ablation or Embolization, NOS	yes	Pharmaceutical Therapy, NOS																22111	0	373.0			Hepatocellular carcinoma, NOS		yes	Surgery, NOS	yes	Radioembolization											yes	Chemotherapy	no	Ablation or Embolization, NOS	yes	Radioembolization	no	Radiation Therapy, NOS									G3	22237	126				Hepatocellular carcinoma, NOS		no	Radiation Therapy, NOS	yes	Ablation or Embolization, NOS	no	Organ Transplantation	yes	Pharmaceutical Therapy, NOS	no	Surgery, NOS																																											Adenomas and Adenocarcinomas	c05720fe-19c1-4cff-819b-6806b26fc312	Liver and intrahepatic bile ducts	TCGA-LIHC	TCGA-DD-A4NQ
c0bf9278-9cbb-4361-b4d8-ab172b67e276	-20782		not hispanic or latino	female	white	Alive	20802	20				Not Reported		no	Organ Transplantation	no	Pharmaceutical Therapy, NOS	no	Ablation or Embolization, NOS	no	Radiation Therapy, NOS	no	Surgery, NOS												20797	15				Not Reported		yes	Surgery, NOS	no	Ablation or Embolization, NOS											no	Radiation Therapy, NOS	no	Pharmaceutical Therapy, NOS	no	Organ Transplantation												20782	0	2746.0			Hepatocellular carcinoma, NOS		yes	Chemotherapy	yes	Chemotherapy	yes	Chemotherapy	no	Ablation or Embolization, NOS	yes	Surgery, NOS	yes	Chemotherapy	no	Radiation Therapy, NOS	G3	20798	16				Infiltrating duct carcinoma, NOS		no	Radiation Therapy, NOS	yes	Pharmaceutical Therapy, NOS	yes	Surgery, NOS	yes	Pharmaceutical Therapy, NOS												Malignant melanoma, NOS	no	Pharmaceutical Therapy, NOS	no	Radiation Therapy, NOS	yes	Surgery, NOS					Adenomas and Adenocarcinomas	c0bf9278-9cbb-4361-b4d8-ab172b67e276	Liver and intrahepatic bile ducts	TCGA-LIHC	TCGA-DD-A4ND
c36f9ffe-515b-4895-b82a-aadc49fe3016	-20709		not hispanic or latino	male	asian	Alive	20709	0	1970.0			Hepatocellular carcinoma, NOS		no	Radiation Therapy, NOS	no	Pharmaceutical Therapy, NOS	no	Ablation or Embolization, NOS	yes	Surgery, NOS													G2																																																																																																		Adenomas and Adenocarcinomas	c36f9ffe-515b-4895-b82a-aadc49fe3016	Liver and intrahepatic bile ducts	TCGA-LIHC	TCGA-DD-AAVY
c4e6527a-8f58-4f6b-93b1-04abb5680ed0	-21044		not hispanic or latino	male	asian	Alive	21044	0	0.0			Hepatocellular carcinoma, NOS		yes	Surgery, NOS	unknown	Pharmaceutical Therapy, NOS	unknown	Radiation Therapy, NOS	unknown	Ablation or Embolization, NOS													G2																																																																																																		Adenomas and Adenocarcinomas	c4e6527a-8f58-4f6b-93b1-04abb5680ed0	Liver and intrahepatic bile ducts	TCGA-LIHC	TCGA-CC-A9FV
c52abac9-07da-4b3d-bf8a-2161cacf9682	-21497		not hispanic or latino	male	asian	Alive	21497	0	819.0			Hepatocellular carcinoma, NOS		no	Radiation Therapy, NOS	no	Ablation or Embolization, NOS	yes	Surgery, NOS	unknown	Pharmaceutical Therapy, NOS													G3																																																																																																		Adenomas and Adenocarcinomas	c52abac9-07da-4b3d-bf8a-2161cacf9682	Liver and intrahepatic bile ducts	TCGA-LIHC	TCGA-ED-A4XI
c618da6d-3c66-4a6a-8832-3526a3b75410	-28871		not hispanic or latino	female	white	Alive	24792	-4079				Melanoma, NOS		no	Pharmaceutical Therapy, NOS	yes	Surgery, NOS	no	Radiation Therapy, NOS																28871	0	387.0			Hepatocellular carcinoma, NOS		no	Pharmaceutical Therapy, NOS	no	Ablation or Embolization, NOS											yes	Surgery, NOS	no	Radiation Therapy, NOS													G2																																																												Adenomas and Adenocarcinomas	c618da6d-3c66-4a6a-8832-3526a3b75410	Liver and intrahepatic bile ducts	TCGA-LIHC	TCGA-LG-A6GG
c797d6ad-05d4-4322-bad2-29801a986b4e	-18009		not hispanic or latino	female	asian	Alive	18120	111				Hepatocellular carcinoma, NOS		no	Surgery, NOS	no	Organ Transplantation	no	Radiation Therapy, NOS	yes	Ablation or Embolization, NOS	no	Pharmaceutical Therapy, NOS												18009	0	608.0			Hepatocellular carcinoma, NOS		yes	Surgery, NOS	no	Ablation or Embolization, NOS											no	Pharmaceutical Therapy, NOS	yes	Ablation, Radiofrequency	no	Radiation Therapy, NOS											G1																																																												Adenomas and Adenocarcinomas	c797d6ad-05d4-4322-bad2-29801a986b4e	Liver and intrahepatic bile ducts	TCGA-LIHC	TCGA-DD-AAE4
c7f1b389-aec7-4993-8afb-b7a56064f8fc	-23353		not hispanic or latino	male	white	Alive	23353	0	0.0			Hepatocellular carcinoma, NOS		unknown	Ablation or Embolization, NOS	yes	Surgery, NOS	unknown	Pharmaceutical Therapy, NOS	unknown	Radiation Therapy, NOS													G3	22736	-617				Adenocarcinoma, NOS		no	Pharmaceutical Therapy, NOS	no	Radiation Therapy, NOS											yes	Surgery, NOS																																																																											Adenomas and Adenocarcinomas	c7f1b389-aec7-4993-8afb-b7a56064f8fc	Liver and intrahepatic bile ducts	TCGA-LIHC	TCGA-BW-A5NQ
ca8afb2c-be3d-41e8-8dbc-19fe7ab6154b	-22345	87	not hispanic or latino	female	asian	Dead	22345	0	87.0			Hepatocellular carcinoma, NOS		no	Pharmaceutical Therapy, NOS	no	Radiation Therapy, NOS	no	Ablation or Embolization, NOS	yes	Surgery, NOS													G1																																																																																																		Adenomas and Adenocarcinomas	ca8afb2c-be3d-41e8-8dbc-19fe7ab6154b	Liver and intrahepatic bile ducts	TCGA-LIHC	TCGA-CC-5260
cab5b264-abab-4bdb-816e-9d2c0ac30629	-8499		not hispanic or latino	male	white	Alive	8499	0	1495.0			Hepatocellular carcinoma, NOS		yes	Chemotherapy	yes	Chemotherapy	no	Radiation Therapy, NOS	yes	Ablation or Embolization, NOS	yes	Chemotherapy	yes	Chemotherapy	yes	Chemotherapy	yes	Ablation, Radiofrequency	yes	Surgery, NOS			G3	8619	120				Hepatocellular carcinoma, NOS		no	Surgery, NOS	no	Organ Transplantation											no	Radiation Therapy, NOS	yes	Ablation or Embolization, NOS	yes	Pharmaceutical Therapy, NOS												8619	120				Hepatocellular carcinoma, NOS		yes	Ablation or Embolization, NOS	no	Radiation Therapy, NOS	yes	Pharmaceutical Therapy, NOS	no	Surgery, NOS	no	Organ Transplantation																																											Adenomas and Adenocarcinomas	cab5b264-abab-4bdb-816e-9d2c0ac30629	Liver and intrahepatic bile ducts	TCGA-LIHC	TCGA-DD-A1EH
cb8f3c76-da86-4a1d-977c-44ab399b342a	-19305		not hispanic or latino	male	american indian or alaska native	Alive	19601	296				Hepatocellular carcinoma, NOS		no	Surgery, NOS	yes	Pharmaceutical Therapy, NOS	no	Ablation or Embolization, NOS	no	Organ Transplantation	yes	Radiation Therapy, NOS												19601	296				Hepatocellular carcinoma, NOS		no	Ablation or Embolization, NOS	no	Surgery, NOS											yes	Pharmaceutical Therapy, NOS	no	Radiation Therapy, NOS	no	Organ Transplantation												19305	0	594.0			Hepatocellular carcinoma, NOS		yes	Radiation, External Beam	no	Ablation or Embolization, NOS	yes	Surgery, NOS	yes	Targeted Molecular Therapy							G2																																						Adenomas and Adenocarcinomas	cb8f3c76-da86-4a1d-977c-44ab399b342a	Liver and intrahepatic bile ducts	TCGA-LIHC	TCGA-G3-A3CJ
cca827ca-0066-497d-83dc-477f3b08ea6d	-19504		not hispanic or latino	female	asian	Alive	19691	187				Hepatocellular carcinoma, NOS		no	Surgery, NOS	no	Pharmaceutical Therapy, NOS	no	Organ Transplantation	yes	Ablation or Embolization, NOS	no	Radiation Therapy, NOS												19504	0	400.0			Hepatocellular carcinoma, NOS		yes	Surgery, NOS	yes	Ablation, Ethanol Injection											unknown	Ablation or Embolization, NOS	unknown	Pharmaceutical Therapy, NOS	no	Radiation Therapy, NOS											G3																																																												Adenomas and Adenocarcinomas	cca827ca-0066-497d-83dc-477f3b08ea6d	Liver and intrahepatic bile ducts	TCGA-LIHC	TCGA-ED-A7XP
cce2bb32-84cb-4991-9628-1ea408a9b11a	-23230	171	not hispanic or latino	female	asian	Dead	23230	0	171.0			Hepatocellular carcinoma, NOS		no	Ablation or Embolization, NOS	yes	Surgery, NOS	no	Radiation Therapy, NOS	no	Pharmaceutical Therapy, NOS													G4	23318	88				Hepatocellular carcinoma, NOS		no	Organ Transplantation	no	Pharmaceutical Therapy, NOS											no	Surgery, NOS	yes	Ablation or Embolization, NOS	no	Radiation Therapy, NOS																																																																							Adenomas and Adenocarcinomas	cce2bb32-84cb-4991-9628-1ea408a9b11a	Liver and intrahepatic bile ducts	TCGA-LIHC	TCGA-DD-AACZ
cebdafee-8ffd-4ee2-8dd1-9225e06623c2	-22258		not hispanic or latino	female	asian	Alive	22368	110				Hepatocellular carcinoma, NOS		no	Surgery, NOS	no	Pharmaceutical Therapy, NOS	no	Radiation Therapy, NOS	no	Organ Transplantation	no	Ablation or Embolization, NOS												22258	0	854.0			Hepatocellular carcinoma, NOS		no	Radiation Therapy, NOS	unknown	Pharmaceutical Therapy, NOS											yes	Surgery, NOS	no	Ablation or Embolization, NOS													G2	22368	110				Not Reported		no	Pharmaceutical Therapy, NOS	no	Organ Transplantation	no	Ablation or Embolization, NOS	no	Radiation Therapy, NOS	no	Surgery, NOS																																											Adenomas and Adenocarcinomas	cebdafee-8ffd-4ee2-8dd1-9225e06623c2	Liver and intrahepatic bile ducts	TCGA-LIHC	TCGA-ED-A5KG
cf358fb8-866c-4780-a550-d6c1c30b8c63	-21940		not hispanic or latino	male	asian	Alive	21940	0	554.0			Hepatocellular carcinoma, NOS		yes	Surgery, NOS	no	Radiation Therapy, NOS	no	Pharmaceutical Therapy, NOS	no	Ablation or Embolization, NOS													G3																																																																																																		Adenomas and Adenocarcinomas	cf358fb8-866c-4780-a550-d6c1c30b8c63	Liver and intrahepatic bile ducts	TCGA-LIHC	TCGA-DD-AADU
cf7f0473-eaf3-4259-a68e-475a782fc84c	-23653		not hispanic or latino	female	white	Alive	23653	0	1731.0			Hepatocellular carcinoma, NOS		no	Pharmaceutical Therapy, NOS	yes	Surgery, NOS	no	Ablation or Embolization, NOS	no	Radiation Therapy, NOS													G3																																																																																																		Adenomas and Adenocarcinomas	cf7f0473-eaf3-4259-a68e-475a782fc84c	Liver and intrahepatic bile ducts	TCGA-LIHC	TCGA-2Y-A9H2
d18cd259-267e-47b5-9353-ad3454e048a0	-6617	300	not hispanic or latino	male	asian	Dead	6617	0	300.0			Hepatocellular carcinoma, NOS		unknown	Pharmaceutical Therapy, NOS	unknown	Radiation Therapy, NOS	yes	Surgery, NOS	unknown	Ablation or Embolization, NOS													G1	6818	201				Hepatocellular carcinoma, NOS		no	Ablation or Embolization, NOS	no	Radiation Therapy, NOS											no	Surgery, NOS	no	Organ Transplantation	no	Pharmaceutical Therapy, NOS																																																																							Adenomas and Adenocarcinomas	d18cd259-267e-47b5-9353-ad3454e048a0	Liver and intrahepatic bile ducts	TCGA-LIHC	TCGA-CC-A8HS
d1aa9c1a-d732-48c0-b669-8a14e0397344	-20011	2532	not hispanic or latino	female	white	Dead	19614	-397				Neuroendocrine carcinoma, NOS		yes	Surgery, NOS	no	Pharmaceutical Therapy, NOS	no	Radiation Therapy, NOS																22200	2189				Hepatocellular carcinoma, NOS		yes	Pharmaceutical Therapy, NOS	no	Organ Transplantation											no	Radiation Therapy, NOS	yes	Surgery, NOS	no	Ablation or Embolization, NOS												21756	1745				Not Reported		no	Organ Transplantation	no	Surgery, NOS	no	Radiation Therapy, NOS	no	Ablation or Embolization, NOS	yes	Pharmaceutical Therapy, NOS						20011	0	2532.0			Hepatocellular carcinoma, NOS		yes	Chemotherapy	no	Ablation or Embolization, NOS	no	Radiation Therapy, NOS	yes	Surgery, NOS									G1														Adenomas and Adenocarcinomas	d1aa9c1a-d732-48c0-b669-8a14e0397344	Liver and intrahepatic bile ducts	TCGA-LIHC	TCGA-2Y-A9GV
d397e70f-c174-4656-9b7e-5e4c00754410	-21236		not hispanic or latino	male	white	Alive	21488	252				Hepatocellular carcinoma, NOS		no	Organ Transplantation	no	Surgery, NOS	yes	Ablation or Embolization, NOS	no	Radiation Therapy, NOS	no	Pharmaceutical Therapy, NOS												21236	0	520.0			Hepatocellular carcinoma, NOS		yes	Surgery, NOS	yes	Ablation, Radiofrequency											yes	Ablation or Embolization, NOS	yes	Ablation, Radiofrequency	no	Radiation Therapy, NOS	no	Pharmaceutical Therapy, NOS									G3																																																												Adenomas and Adenocarcinomas	d397e70f-c174-4656-9b7e-5e4c00754410	Liver and intrahepatic bile ducts	TCGA-LIHC	TCGA-G3-A5SM
d3a03f7a-3482-4548-957e-05c692b20101		581	not hispanic or latino	male	white	Dead		0	581.0			Hepatocellular carcinoma, NOS		no	Radiation Therapy, NOS	no	Pharmaceutical Therapy, NOS	yes	Surgery, NOS	no	Ablation or Embolization, NOS													G1		561				Hepatocellular carcinoma, NOS		no	Organ Transplantation	no	Ablation or Embolization, NOS											no	Radiation Therapy, NOS	no	Pharmaceutical Therapy, NOS	no	Surgery, NOS																																																																							Adenomas and Adenocarcinomas	d3a03f7a-3482-4548-957e-05c692b20101	Liver and intrahepatic bile ducts	TCGA-LIHC	TCGA-FV-A2QR
d3d3dba9-139e-4f57-ac70-b741553d1687	-6545		not hispanic or latino	female	white	Alive	6545	0	449.0			Hepatocellular carcinoma, NOS		no	Ablation or Embolization, NOS	no	Pharmaceutical Therapy, NOS	yes	Radiation, External Beam	yes	Surgery, NOS													G3																																																																																																		Adenomas and Adenocarcinomas	d3d3dba9-139e-4f57-ac70-b741553d1687	Liver and intrahepatic bile ducts	TCGA-LIHC	TCGA-5R-AA1D
d504ee30-6955-4a7b-9311-55ad3decadd5	-7634		Unknown	female	white	Alive	7634	0	15.0			Hepatocellular carcinoma, fibrolamellar		unknown	Pharmaceutical Therapy, NOS	yes	Surgery, NOS	no	Ablation or Embolization, NOS	unknown	Radiation Therapy, NOS													G2																																																																																																		Adenomas and Adenocarcinomas	d504ee30-6955-4a7b-9311-55ad3decadd5	Liver and intrahepatic bile ducts	TCGA-LIHC	TCGA-RC-A6M5
d680df09-368e-42b5-b540-45c41ed31042	-29354		not hispanic or latino	male	white	Alive	29354	0	729.0			Hepatocellular carcinoma, NOS		unknown	Radiation Therapy, NOS	unknown	Ablation or Embolization, NOS	unknown	Pharmaceutical Therapy, NOS	yes	Surgery, NOS													G2																																																																																																		Adenomas and Adenocarcinomas	d680df09-368e-42b5-b540-45c41ed31042	Liver and intrahepatic bile ducts	TCGA-LIHC	TCGA-FV-A2QQ
d6c2c6ce-3483-4fe5-aef6-e40419f728cf	-24963		not hispanic or latino	male	white	Alive	27096	2133				Hepatocellular carcinoma, NOS		no	Surgery, NOS	no	Radiation Therapy, NOS	no	Pharmaceutical Therapy, NOS	no	Ablation or Embolization, NOS	no	Organ Transplantation												24963	0	2442.0			Hepatocellular carcinoma, NOS		no	Pharmaceutical Therapy, NOS	yes	Surgery, NOS											no	Radiation Therapy, NOS	no	Ablation or Embolization, NOS													G2																																																												Adenomas and Adenocarcinomas	d6c2c6ce-3483-4fe5-aef6-e40419f728cf	Liver and intrahepatic bile ducts	TCGA-LIHC	TCGA-2Y-A9GX
d74ddbe2-5860-40b1-9bd8-99cc50f3392d	-17760		hispanic or latino	male	Unknown	Alive	17760	0	480.0			Hepatocellular carcinoma, NOS		no	Pharmaceutical Therapy, NOS	no	Ablation or Embolization, NOS	yes	Surgery, NOS	no	Radiation Therapy, NOS													G2																																																																																																		Adenomas and Adenocarcinomas	d74ddbe2-5860-40b1-9bd8-99cc50f3392d	Liver and intrahepatic bile ducts	TCGA-LIHC	TCGA-G3-AAUZ
d7cd045a-0be2-4b6d-aefd-5d75e57bc6f6	-25796		not hispanic or latino	male	asian	Alive	25796	0	9.0			Hepatocellular carcinoma, NOS		unknown	Ablation or Embolization, NOS	yes	Surgery, NOS	unknown	Pharmaceutical Therapy, NOS	unknown	Radiation Therapy, NOS													G2																																																																																																		Adenomas and Adenocarcinomas	d7cd045a-0be2-4b6d-aefd-5d75e57bc6f6	Liver and intrahepatic bile ducts	TCGA-LIHC	TCGA-DD-AACK
d8549d23-37d4-42bd-b472-f49bbebd09b0	-24288	3125	not hispanic or latino	female	white	Dead	24372	84				Hepatocellular carcinoma, NOS		no	Radiation Therapy, NOS	no	Pharmaceutical Therapy, NOS	no	Organ Transplantation	no	Surgery, NOS	yes	Ablation or Embolization, NOS												24288	0	3125.0			Hepatocellular carcinoma, NOS		no	Pharmaceutical Therapy, NOS	no	Ablation or Embolization, NOS											yes	Chemoembolization	no	Radiation Therapy, NOS	yes	Surgery, NOS											G2																																																												Adenomas and Adenocarcinomas	d8549d23-37d4-42bd-b472-f49bbebd09b0	Liver and intrahepatic bile ducts	TCGA-LIHC	TCGA-DD-A3A5
d884561b-5828-4c47-acd7-3f02e181b596	-22332		not hispanic or latino	male	asian	Alive	23108	776				Hepatocellular carcinoma, NOS		no	Pharmaceutical Therapy, NOS	no	Surgery, NOS	no	Ablation or Embolization, NOS	no	Radiation Therapy, NOS	no	Organ Transplantation												22332	0	1450.0			Hepatocellular carcinoma, NOS		yes	Ablation, Radiofrequency	no	Pharmaceutical Therapy, NOS											yes	Ablation or Embolization, NOS	yes	Chemoembolization	yes	Ablation, Radiofrequency	no	Radiation Therapy, NOS	yes	Surgery, NOS							G3																																																												Adenomas and Adenocarcinomas	d884561b-5828-4c47-acd7-3f02e181b596	Liver and intrahepatic bile ducts	TCGA-LIHC	TCGA-DD-AACY
dd056692-4e2a-4e45-a4d0-357af9754f0e	-28254	643	not hispanic or latino	male	white	Dead	28254	0	643.0			Hepatocellular carcinoma, NOS		no	Pharmaceutical Therapy, NOS	yes	Surgery, NOS	yes	Radiation Therapy, NOS	no	Ablation or Embolization, NOS													G3	28709	455				Hepatocellular carcinoma, NOS		no	Ablation or Embolization, NOS	no	Surgery, NOS											no	Organ Transplantation	yes	Radiation Therapy, NOS	no	Pharmaceutical Therapy, NOS																																																																							Adenomas and Adenocarcinomas	dd056692-4e2a-4e45-a4d0-357af9754f0e	Liver and intrahepatic bile ducts	TCGA-LIHC	TCGA-DD-A39V
de302b98-250d-42fe-9945-11e1b2bbd3c6	-27756		not hispanic or latino	female	black or african american	Alive	27756	0	409.0			Hepatocellular carcinoma, NOS		yes	Surgery, NOS	no	Pharmaceutical Therapy, NOS	no	Ablation or Embolization, NOS	no	Radiation Therapy, NOS													G2																																																																																																		Adenomas and Adenocarcinomas	de302b98-250d-42fe-9945-11e1b2bbd3c6	Liver and intrahepatic bile ducts	TCGA-LIHC	TCGA-BD-A3EP
e0067280-2722-46f2-a5a8-352c77b47e38	-16874		not hispanic or latino	male	white	Alive	16874	0	1711.0			Hepatocellular carcinoma, NOS		no	Radiation Therapy, NOS	no	Pharmaceutical Therapy, NOS	yes	Surgery, NOS	no	Ablation or Embolization, NOS													G1																																																																																																		Adenomas and Adenocarcinomas	e0067280-2722-46f2-a5a8-352c77b47e38	Liver and intrahepatic bile ducts	TCGA-LIHC	TCGA-DD-A4NL
e0674b82-2fba-421e-be62-58efd0348d44	-21845	649	not hispanic or latino	male	asian	Dead	21845	0	649.0			Hepatocellular carcinoma, NOS		unknown	Radiation Therapy, NOS	unknown	Ablation or Embolization, NOS	unknown	Pharmaceutical Therapy, NOS	yes	Surgery, NOS													G1	22099	254				Not Reported		no	Radiation Therapy, NOS	no	Pharmaceutical Therapy, NOS											no	Organ Transplantation	no	Surgery, NOS	no	Ablation or Embolization, NOS																																																																							Adenomas and Adenocarcinomas	e0674b82-2fba-421e-be62-58efd0348d44	Liver and intrahepatic bile ducts	TCGA-LIHC	TCGA-CC-A7IF
e0863874-f7b8-49b6-a88b-5ae5f1ec2b15	-24377		not hispanic or latino	male	white	Alive	24377	0	44.0			Hepatocellular carcinoma, NOS		yes	Surgery, NOS	no	Ablation or Embolization, NOS	no	Pharmaceutical Therapy, NOS	no	Radiation Therapy, NOS													G1																																																																																																		Adenomas and Adenocarcinomas	e0863874-f7b8-49b6-a88b-5ae5f1ec2b15	Liver and intrahepatic bile ducts	TCGA-LIHC	TCGA-DD-A73E
e2f6d3aa-b817-4193-a550-8e53265aa336	-9107		not hispanic or latino	female	asian	Alive	9107	0	219.0			Hepatocellular carcinoma, NOS		yes	Surgery, NOS	no	Radiation Therapy, NOS	no	Ablation or Embolization, NOS	no	Pharmaceutical Therapy, NOS													G1	9252	145				Not Reported		no	Ablation or Embolization, NOS	no	Surgery, NOS											no	Pharmaceutical Therapy, NOS	no	Radiation Therapy, NOS																																																																									Adenomas and Adenocarcinomas	e2f6d3aa-b817-4193-a550-8e53265aa336	Liver and intrahepatic bile ducts	TCGA-LIHC	TCGA-CC-A123
e42e4244-dce8-453a-b5e0-7593a9b5af61	-20233		not hispanic or latino	female	asian	Alive	20233	0	555.0			Hepatocellular carcinoma, NOS		no	Ablation or Embolization, NOS	no	Pharmaceutical Therapy, NOS	yes	Surgery, NOS	no	Radiation Therapy, NOS													G2																																																																																																		Adenomas and Adenocarcinomas	e42e4244-dce8-453a-b5e0-7593a9b5af61	Liver and intrahepatic bile ducts	TCGA-LIHC	TCGA-DD-AADY
e4e0bc11-ad61-4419-857c-44fb5c7877a3	-21381		not hispanic or latino	male	asian	Alive	21381	0	365.0			Hepatocellular carcinoma, NOS		unknown	Pharmaceutical Therapy, NOS	unknown	Radiation Therapy, NOS	yes	Surgery, NOS	unknown	Ablation or Embolization, NOS													G1																																																																																																		Adenomas and Adenocarcinomas	e4e0bc11-ad61-4419-857c-44fb5c7877a3	Liver and intrahepatic bile ducts	TCGA-LIHC	TCGA-CC-A7IH
e610a644-0504-445a-bba1-4bae360de4c1	-20751		not hispanic or latino	male	asian	Alive	20751	0	382.0			Hepatocellular carcinoma, NOS		yes	Surgery, NOS	unknown	Ablation or Embolization, NOS	unknown	Pharmaceutical Therapy, NOS	unknown	Radiation Therapy, NOS													G3																																																																																																		Adenomas and Adenocarcinomas	e610a644-0504-445a-bba1-4bae360de4c1	Liver and intrahepatic bile ducts	TCGA-LIHC	TCGA-CC-A7IJ
e6fa354e-ada7-41e0-8c8b-38520a5e6601	-25236		not hispanic or latino	male	asian	Alive	25236	0	1618.0			Hepatocellular carcinoma, NOS		no	Ablation or Embolization, NOS	no	Pharmaceutical Therapy, NOS	no	Radiation Therapy, NOS	yes	Surgery, NOS													G3	26668	1432				Hepatocellular carcinoma, NOS		no	Ablation or Embolization, NOS	no	Radiation Therapy, NOS											no	Pharmaceutical Therapy, NOS	no	Surgery, NOS	no	Organ Transplantation																																																																							Adenomas and Adenocarcinomas	e6fa354e-ada7-41e0-8c8b-38520a5e6601	Liver and intrahepatic bile ducts	TCGA-LIHC	TCGA-DD-AACI
ea214f79-0f6b-403f-8693-c844bf4b77cb	-25340		not hispanic or latino	female	white	Alive	25340	0	314.0			Hepatocellular carcinoma, NOS		no	Radiation Therapy, NOS	no	Pharmaceutical Therapy, NOS	yes	Surgery, NOS	no	Ablation or Embolization, NOS													G1	24301	-1039				Squamous cell carcinoma, NOS		no	Pharmaceutical Therapy, NOS	yes	Surgery, NOS											no	Radiation Therapy, NOS																																																																											Adenomas and Adenocarcinomas	ea214f79-0f6b-403f-8693-c844bf4b77cb	Liver and intrahepatic bile ducts	TCGA-LIHC	TCGA-UB-AA0V
eba5208b-404a-45df-9133-31ff122e7fc0	-21552	262	not hispanic or latino	male	asian	Dead	21702	150				Hepatocellular carcinoma, NOS		no	Organ Transplantation	no	Radiation Therapy, NOS	no	Ablation or Embolization, NOS	no	Surgery, NOS	no	Pharmaceutical Therapy, NOS												21552	0	262.0			Hepatocellular carcinoma, NOS		unknown	Ablation or Embolization, NOS	yes	Surgery, NOS											unknown	Pharmaceutical Therapy, NOS	unknown	Radiation Therapy, NOS													G3																																																												Adenomas and Adenocarcinomas	eba5208b-404a-45df-9133-31ff122e7fc0	Liver and intrahepatic bile ducts	TCGA-LIHC	TCGA-CC-A7IK
ed8c0d53-5db0-4b77-95ec-15971926e313	-22499	1685	not hispanic or latino	male	asian	Dead	23036	537				Combined hepatocellular carcinoma and cholangiocarcinoma		no	Radiation Therapy, NOS	yes	Ablation or Embolization, NOS	no	Organ Transplantation	no	Pharmaceutical Therapy, NOS	no	Surgery, NOS												22499	0	1685.0			Combined hepatocellular carcinoma and cholangiocarcinoma		no	Radiation Therapy, NOS	no	Ablation or Embolization, NOS											yes	Surgery, NOS	no	Pharmaceutical Therapy, NOS													G2																																																												Adenomas and Adenocarcinomas	ed8c0d53-5db0-4b77-95ec-15971926e313	Liver and intrahepatic bile ducts	TCGA-LIHC	TCGA-DD-AACC
ee63c44b-91f4-4004-8dea-192eab527036	-18510		not hispanic or latino	male	black or african american	Alive	18510	0	20.0			Hepatocellular carcinoma, NOS		no	Ablation or Embolization, NOS	no	Radiation Therapy, NOS	yes	Surgery, NOS	no	Pharmaceutical Therapy, NOS													G2																																																																																																		Adenomas and Adenocarcinomas	ee63c44b-91f4-4004-8dea-192eab527036	Liver and intrahepatic bile ducts	TCGA-LIHC	TCGA-BW-A5NO
ee6d81bf-0470-4652-aff0-d85f6ab67626	-18973	359	not hispanic or latino	male	asian	Dead	19022	49				Hepatocellular carcinoma, NOS		no	Radiation Therapy, NOS	no	Pharmaceutical Therapy, NOS	no	Organ Transplantation	no	Surgery, NOS	yes	Ablation or Embolization, NOS												18973	0	359.0			Hepatocellular carcinoma, NOS		no	Pharmaceutical Therapy, NOS	yes	Surgery, NOS											no	Ablation or Embolization, NOS	yes	Radioembolization	yes	Chemoembolization	no	Radiation Therapy, NOS									G3	19212	239				Hepatocellular carcinoma, NOS		no	Radiation Therapy, NOS	no	Pharmaceutical Therapy, NOS	yes	Ablation or Embolization, NOS	no	Surgery, NOS	no	Organ Transplantation						19071	98				Hepatocellular carcinoma, NOS		no	Pharmaceutical Therapy, NOS	no	Surgery, NOS	no	Organ Transplantation	yes	Ablation or Embolization, NOS	no	Radiation Therapy, NOS																					Adenomas and Adenocarcinomas	ee6d81bf-0470-4652-aff0-d85f6ab67626	Liver and intrahepatic bile ducts	TCGA-LIHC	TCGA-G3-AAV1
efc3e5e4-0d8e-4bef-a259-29f8ed21684f	-25670		not hispanic or latino	male	white	Alive	26371	701				Hepatocellular carcinoma, NOS		no	Ablation or Embolization, NOS	no	Organ Transplantation	no	Radiation Therapy, NOS	yes	Pharmaceutical Therapy, NOS	no	Surgery, NOS												25670	0	701.0			Hepatocellular carcinoma, NOS		yes	Surgery, NOS	yes	Chemoembolization											yes	Chemotherapy	unknown	Radiation Therapy, NOS	yes	Chemoembolization	unknown	Ablation or Embolization, NOS	yes	Chemoembolization							G2	25729	59				Hepatocellular carcinoma, NOS		no	Radiation Therapy, NOS	no	Organ Transplantation	yes	Ablation or Embolization, NOS	yes	Pharmaceutical Therapy, NOS	no	Surgery, NOS																																											Adenomas and Adenocarcinomas	efc3e5e4-0d8e-4bef-a259-29f8ed21684f	Liver and intrahepatic bile ducts	TCGA-LIHC	TCGA-2Y-A9H9
efc865fd-7c74-4361-9d7a-eef923dbcd24	-21449		not hispanic or latino	female	white	Alive	21449	0	412.0			Hepatocellular carcinoma, NOS		yes	Surgery, NOS	no	Pharmaceutical Therapy, NOS	no	Ablation or Embolization, NOS	no	Radiation Therapy, NOS													G2																																																																																																		Adenomas and Adenocarcinomas	efc865fd-7c74-4361-9d7a-eef923dbcd24	Liver and intrahepatic bile ducts	TCGA-LIHC	TCGA-G3-AAV3
f0ece8e2-a6b0-4ed9-a613-d2fbb20e51b1	-22121		not hispanic or latino	male	asian	Alive	22121	0	478.0			Hepatocellular carcinoma, NOS		no	Ablation or Embolization, NOS	no	Radiation Therapy, NOS	no	Pharmaceutical Therapy, NOS	yes	Surgery, NOS													G2																																																																																																		Adenomas and Adenocarcinomas	f0ece8e2-a6b0-4ed9-a613-d2fbb20e51b1	Liver and intrahepatic bile ducts	TCGA-LIHC	TCGA-DD-AAEB
f15279dd-5d12-460b-9bd1-b4f95681ca65	-26985		not hispanic or latino	male	white	Alive	26985	0	363.0			Hepatocellular carcinoma, NOS		no	Radiation Therapy, NOS	no	Pharmaceutical Therapy, NOS	yes	Surgery, NOS	no	Ablation or Embolization, NOS													G2	27305	320				Hepatocellular carcinoma, NOS		yes	Pharmaceutical Therapy, NOS	no	Surgery, NOS											unknown	Ablation or Embolization, NOS	no	Organ Transplantation																																																																									Adenomas and Adenocarcinomas	f15279dd-5d12-460b-9bd1-b4f95681ca65	Liver and intrahepatic bile ducts	TCGA-LIHC	TCGA-EP-A3RK
f3f6ba92-c68f-4313-99f4-0281272e02b6	-28371		not hispanic or latino	male	white	Alive	27875	-496				Squamous cell carcinoma, NOS		no	Pharmaceutical Therapy, NOS	no	Radiation Therapy, NOS	no	Surgery, NOS																28678	307				Hepatocellular carcinoma, NOS		no	Surgery, NOS	no	Organ Transplantation											no	Pharmaceutical Therapy, NOS	no	Radiation Therapy, NOS	yes	Ablation or Embolization, NOS												28371	0	747.0			Hepatocellular carcinoma, NOS		no	Pharmaceutical Therapy, NOS	no	Radiation Therapy, NOS	yes	Surgery, NOS	yes	Ablation or Embolization, NOS	yes	Ablation, Radiofrequency	yes	Chemoembolization				28672	301				Hepatocellular carcinoma, NOS		no	Surgery, NOS	no	Pharmaceutical Therapy, NOS	yes	Ablation or Embolization, NOS	no	Organ Transplantation	no	Radiation Therapy, NOS																					Adenomas and Adenocarcinomas	f3f6ba92-c68f-4313-99f4-0281272e02b6	Liver and intrahepatic bile ducts	TCGA-LIHC	TCGA-MI-A75H
f435ec00-0db8-46b4-96bf-890a9d931df3	-25144		not hispanic or latino	male	white	Alive	25633	489				Hepatocellular carcinoma, NOS		no	Radiation Therapy, NOS	no	Pharmaceutical Therapy, NOS	yes	Ablation or Embolization, NOS	no	Surgery, NOS	no	Organ Transplantation												25144	0	860.0			Hepatocellular carcinoma, NOS		no	Pharmaceutical Therapy, NOS	yes	Surgery, NOS											yes	Ablation, Radiofrequency	no	Radiation Therapy, NOS	no	Ablation or Embolization, NOS											G2																																																												Adenomas and Adenocarcinomas	f435ec00-0db8-46b4-96bf-890a9d931df3	Liver and intrahepatic bile ducts	TCGA-LIHC	TCGA-G3-A25V
f53a70d9-a774-4969-896e-2dcdd4d02a7a	-24189		not hispanic or latino	female	white	Alive	24189	0	562.0			Hepatocellular carcinoma, NOS		yes	Surgery, NOS	no	Radiation Therapy, NOS	no	Ablation or Embolization, NOS	yes	Chemotherapy													G3	24409	220				Hepatocellular carcinoma, NOS		no	Organ Transplantation																																																																																									Adenomas and Adenocarcinomas	f53a70d9-a774-4969-896e-2dcdd4d02a7a	Liver and intrahepatic bile ducts	TCGA-LIHC	TCGA-BC-A8YO
f5de6712-4de4-43de-8eb5-ec2a798c8438	-17403		not hispanic or latino	female	asian	Alive	17403	0	640.0			Hepatocellular carcinoma, NOS		no	Pharmaceutical Therapy, NOS	no	Radiation Therapy, NOS	no	Ablation or Embolization, NOS	yes	Surgery, NOS													G3																																																																																																		Adenomas and Adenocarcinomas	f5de6712-4de4-43de-8eb5-ec2a798c8438	Liver and intrahepatic bile ducts	TCGA-LIHC	TCGA-RC-A7S9
f661a921-2e59-424b-a145-e22664b73728	-20157		not hispanic or latino	male	asian	Alive	20266	109				Not Reported		no	Radiation Therapy, NOS	no	Ablation or Embolization, NOS	no	Surgery, NOS	no	Pharmaceutical Therapy, NOS	no	Organ Transplantation												20157	0	211.0			Hepatocellular carcinoma, NOS		unknown	Ablation or Embolization, NOS	unknown	Radiation Therapy, NOS											unknown	Pharmaceutical Therapy, NOS	yes	Surgery, NOS													G2																																																												Adenomas and Adenocarcinomas	f661a921-2e59-424b-a145-e22664b73728	Liver and intrahepatic bile ducts	TCGA-LIHC	TCGA-CC-A9FS
f82aff25-0725-48d1-aefd-d60800f7d1ab	-21733		not hispanic or latino	male	white	Alive	22092	359				Hepatocellular carcinoma, NOS		no	Surgery, NOS	yes	Ablation or Embolization, NOS	yes	Radiation Therapy, NOS	no	Pharmaceutical Therapy, NOS	no	Organ Transplantation												21733	0	500.0			Hepatocellular carcinoma, NOS		yes	Chemoembolization	yes	Chemoembolization	yes	Chemoembolization	yes	Chemoembolization							yes	Chemoembolization	no	Ablation or Embolization, NOS	yes	Surgery, NOS	no	Radiation Therapy, NOS	no	Pharmaceutical Therapy, NOS	yes	Chemoembolization	yes	Chemoembolization	yes	Chemoembolization	G3																																																												Adenomas and Adenocarcinomas	f82aff25-0725-48d1-aefd-d60800f7d1ab	Liver and intrahepatic bile ducts	TCGA-LIHC	TCGA-UB-A7MC
fb2abc2a-ecf1-4184-912f-26a649f861ff	-21671		not hispanic or latino	male	white	Alive	21671	0	879.0			Hepatocellular carcinoma, clear cell type		no	Radiation Therapy, NOS	no	Pharmaceutical Therapy, NOS	no	Ablation or Embolization, NOS	yes	Surgery, NOS													G2	22550	879				Hepatocellular carcinoma, clear cell type		no	Surgery, NOS	no	Organ Transplantation																																																																																							Adenomas and Adenocarcinomas	fb2abc2a-ecf1-4184-912f-26a649f861ff	Liver and intrahepatic bile ducts	TCGA-LIHC	TCGA-GJ-A3OU
